Entry	mean_retained_activity (Mean)	mean_retained_activity (SD)	mean_retained_activity (IWD)	mean_retained_activity (UCB)
N0	0.29674362255125375	0.07204847936286311		0.6569860193655693
N1	0.17249387866666666		0.9287436349828737	
N2	0.35042382465969424	0.32715848930920033		1.9862162712056959
N3	0.45810254716728854	0.5624255107356739		3.2702301008456582
N4	0.5580795441361948	0.7215975905027091		4.16606749664974
N5	0.6901248658638796	0.83980583514062		4.88915404156698
A0A0A7GET6	0.9221483333853111	0.9959141139905511		5.901718903338066
N6	0.9158246176710262	0.996430593203085		5.897977583686451
N7	0.9744289369178836	1.0190169182137416		6.069513527986592
A0A2A5QQ65	1.1050988607276868	1.057760668476265		6.393902203109011
A0A7J4SQ66	1.094244024736782	1.0595677587586172		6.392082818529868
N8	0.9795759215877179	1.0216317363089518		6.087734603132477
A0A3R7KIG7	1.084485264898272	1.051660551934278		6.342788024569662
C7NTA6	1.075130410106136	1.055529551006469		6.352778165138481
N9	0.657638248933188	0.8128909588690519		4.722093043278448
N10	0.7060769941123072	0.8602304239943944		5.0072291140842795
A0A3A6NP45	0.9478856850689981	1.0020994103496357		5.9583827368171765
A0A1V4MA59	1.0004301316526745	1.0338018252135126		6.169439257720237
A0A3A9JT29	0.9677242315052387	1.010543905642679		6.020443759718634
N11	0.5318032831193433	0.6870911135139656		3.967258850689171
N12	0.6227157372890235	0.7819831743370678		4.532631608974363
A0A7C7DHZ3	0.8919278415903887	0.9828483766370166		5.806169724775471
C0GI59	0.8978121910202606	0.9840339735341335		5.817982058690928
A0A7X8K3D4	0.8497018829523214	0.9555796969203069		5.627600367553856
N13	0.4423134336093825	0.5483951706078171		3.1842892866484678
N14	0.5556834735029819	0.7137143079509783		4.124255013257874
N15	0.659394988864041	0.815586496807435		4.7373274729012165
N16	0.8052684384899497	0.9214121352079371		5.412329114529635
A0A7X6UHG0	0.903102170712168	0.9825507894732188		5.815856118078262
Q0AV19	0.9203587707166508	0.9857671943713191		5.849194742573246
A0A7X9BLP4	0.8956315547043754	0.9821309025950085		5.806286067679418
B1I1Y0	0.8957262911477469	0.9791246901682591		5.791349741989042
N17	0.6002743232969264	0.7613781884726497		4.407165265660175
A0A328PMT8	0.848455750444743	0.9526142386193389		5.611526943541437
A0A1G0AY06	0.9757666952954186	1.01211066693485		6.036320029969669
N18	0.3067744444020217	0.13030801308134743		0.9583145098087589
N19	0.42941117131527295	0.4828335631438892		2.8435789870347192
N20	0.4723741750061962	0.5565193804022418		3.254971077017405
N21	0.6410803681377957	0.7753495315633226		4.517828025954409
N22	0.7296019287722615	0.8512522143096488		4.9858630003205056
A0A0F2Q7F8	0.9740738038355495	1.009139346675264		6.01977053721187
N23	0.7640967226952663	0.8737431834901501		5.1328126401460175
A0A2N2E6A4	0.9523202224598457	0.9938377891858462		5.921509168389076
A0A3D3W8W1	0.9665050695867377	1.0060570378969922		5.996790259071699
N24	0.729065334030983	0.8535712632211238		4.996921650136602
A0A6I0F4I2	0.9718770373147413	1.008995028559711		6.016852180113296
D5XAE9	0.9008666533290118	0.9748743477335502		5.775238391996763
N25	0.5554074640493267	0.6824112906864038		3.967463917481346
N26	0.7294997915426287	0.8529137157984813		4.994068370535035
A0A1F4PZQ5	0.9584404214827117	0.9967326966473369		5.942103904719396
A0A4Q5NSA2	1.0425861017751428	1.0360033462930947		6.222602833240616
A0A829BX30	1.0206368589123835	1.0279011186774167		6.160142452299467
N27	0.7328675232978666	0.7454109655938957		4.459922351267346
N28	0.7952800633566953	0.778728070354459		4.68892041512899
N29	0.5615638736666667		0.028728589918948666	
N30	0.6104582137814829	0.27908229171312093		2.005869672347088
N31	0.6110535653248008	0.2992308606794857		2.107207868722229
N32	0.690420381779142	0.5201546899649642		3.291193831603963
N33	0.8070003460267352	0.718711057359453		4.400555632824
A0A1Y3QLU2	0.9987404052303188	0.9144518458037283		5.57099963424896
A0A7C6PMW2	0.9952054366591248	0.9237578939140416		5.613994906229333
N34	0.8585477799433227	0.7797224916166591		4.757160238026618
A0A353NQ77	1.0089385393170403	0.9318962284280231		5.668419681457156
K4LVZ1	0.9553425921684132	0.8741940969478553		5.32631307690769
N35	0.6837735391944403	0.5104009917955232		3.2357784981720563
N36	0.7803006440269069	0.6779286820521		4.169944054287407
A0A2M7C860	0.9871190642715323	0.9055217479024255		5.514727803783659
N37	0.8638190084345846	0.7882271381673126		4.804954699271148
N38	0.8820964098399638	0.808123500139077		4.922713910535348
A0A0G3WL15	1.0755564596285754	0.9881492294639368		6.01630260694826
N39	0.9386663293002644	0.86917372433919		5.284534950996214
A0A1F9TUW0	1.0872892875788032	1.0000455239052466		6.0875169071050355
A0A1F9UIZ0	1.1047489991654835	1.0101802167654994		6.155650082992981
A0A2N2F277	1.02598674296566	0.9542178813663339		5.79707614979733
N40	0.9410011451827494	0.8708040852290965		5.295021571328232
A0A1J4VBU9	1.078007809619739	0.9882391396247576		6.019203507743527
A0A3M2EYV5	1.070409011116585	0.9836902037013846		5.988860029623508
N41	0.657236321811367	0.42286759683633357		2.7715743059930347
N42	0.7633933783804252	0.6423495352269917		3.975141054515384
A0A7V1GIR9	0.9473643020887237	0.8770947019962805		5.332837812070126
A0A1F5AUS2	1.0520035690037688	0.97186685296308		5.911337833819168
N43	0.68676687702271	0.5131102588132083		3.2523181710887514
N44	0.7959792022794804	0.6914165446702083		4.253061925630522
A0A7X7QXC0	0.9977136339910305	0.9253101768616396		5.624264518299229
N45	0.8661034182129885	0.7889803354566123		4.81100509549605
A0A1F4S8N5	1.0530676113257256	0.9622686161844575		5.864410692248013
A0A1F5UG00	1.054022535694119	0.9667539915023979		5.887792493206109
N46	0.7887720567653438	0.6686580650417139		4.132062381973913
N47	0.7955137841374023	0.7039164438925614		4.315096003600209
N48	0.8565315283177672	0.7757941482462333		4.735502269548934
N49	0.9087198340568611	0.8332829298362903		5.075134483238313
N50	0.921873944610579	0.8535605423696541		5.1896766564588495
N51	0.9474082481814179	0.883468405240218		5.364750274382508
N52	0.9712603913823635	0.9020337532165522		5.481429157465125
N53	1.003362527205109	0.9264333482783778		5.635529268596998
A0A0S8E947	1.1067558253917626	1.009354985154887		6.1535307511661985
N54	1.015089513316569	0.9459543931430449		5.744861479031794
A0A7X8Z2N7	1.1108602205011429	1.0208904448104892		6.215312444553589
N55	1.0529249613404137	0.9696570184456328		5.901210053568577
A0A7Y3NVF3	1.1153611865226842	1.0199142377852544		6.2149323754489565
N56	1.1217735033968739	1.0235875029698214		6.2397110182459805
A0A2D5YUF4	1.1346413631694994	1.039372937158876		6.331506048963879
I0IFS3	1.1814425097054944	1.0660386668991289		6.511635844201138
A0A1V6DAL4	1.1041471598819608	1.0093733593230618		6.15101395649727
A0A0S8E7V2	1.1260252083357827	1.0259650104255311		6.255850260463438
A0A3C1WIH7	1.0816795063594071	0.9891920303829319		6.027639658274067
N57	0.9819664927065069	0.9103424844359366		5.533678914886189
A0A496RRZ8	1.0809172040752695	0.9890861341454944		6.026347874802742
K1X9E2	1.024522681080916	0.9474167540890688		5.76160645152626
A0A3C0VBD2	1.0804686484728707	0.9941841510557179		6.05138940375146
N58	0.8266927500046833	0.7469309404663226		4.561347452336296
N59	0.8658094133543611	0.7900911976520407		4.816265401614565
N60	0.9140965229536002	0.8366422078287299		5.0973075620972494
N61	0.978627092646089	0.9008848259091488		5.4830512221918335
A0A0X8JSR4	1.0916204542319428	0.9952295507195859		6.067768207829872
A0A1Y4D2E8	1.1057499489957685	1.0072464660466716		6.1419822792291265
A0A139DSS2	1.082280178365014	0.9909204625553062		6.0368824911415455
N62	1.0014883727380486	0.9278970801466656		5.6409737734713765
A0A2M6YMN4	1.0664308721169178	0.9901154328816311		6.017008036525073
A0LMK6	1.0912048443564795	1.0043537276698693		6.112973482705826
N63	0.8648668873274202	0.7776260286119445		4.752997030387143
N64	0.9141365717282021	0.8277512903270227		5.052893023363315
A0A1G2WK93	1.0326142200989	0.9528838513013789		5.797033476605794
A0A1G3BHW9	1.0949672403729547	1.0082653431298596		6.136293956022253
N65	0.9457402117281825	0.8693194706219199		5.292337564837782
A0A1U7GB69	1.0812589728407336	0.9970871324736986		6.066694635209227
N66	1.0002485000382997	0.9229929627753694		5.615213313915146
A0A357XU58	1.1139582115497406	1.0213514774299142		6.220715598699312
A0A518J1U5	1.0831586798977666	0.9924154568856479		6.0452359643260065
N67	0.8587311059626282	0.7747469809039247		4.732466010482252
A0A7C4J1Q2	0.968611205337332	0.8961770646768275		5.449496528721469
F2NIE5	1.0014077830188546	0.9267941113791375		5.635378339914542
N68	0.6535027698794191	0.41395652460438354		2.723285392901337
N69	0.7079807129615564	0.5553817205688608		3.4848893158058605
N70	0.7944642801847548	0.6983626560953523		4.286277560661516
N71	0.8567055004236588	0.7741214779102918		4.727312889975118
A0A350SHJ9	1.0491738009433442	0.9732356189412029		5.9153518956493585
A0A3A4WJI1	1.0495515654622753	0.964826163816336		5.873682384543955
A0A3A4P589	0.9714508915130888	0.9081100279198147		5.512001031112162
N72	0.792870449868784	0.6907249861813692		4.24649538077563
A0A1V5T2H2	0.9990406460465733	0.9215193073613974		5.606637182853561
A0A7V1H608	1.0021928276087242	0.9339566162293519		5.671975908755483
N73	0.6930868263042421	0.5219381783163365		3.3027777178859243
N74	0.7454386937654025	0.6201039736911921		3.845958562221363
N75	0.7693680362461399	0.6552033613673011		4.045384843082646
N76	0.8528180889022402	0.7690444328009557		4.698040252907019
A0A1G1E9K1	1.032823237257661	0.9538084006933655		5.801865240724489
A0A523UZ92	1.01417370862823	0.9427456499480333		5.727901958368397
A0A832BM14	1.0026682912849143	0.9348051777574781		5.676694180072305
N77	0.8178080401745558	0.7289535655415365		4.462575867882238
A0A1J5DM00	1.0198398896199905	0.9315247278374593		5.677463528807287
A0A350DAI5	1.0049074215123532	0.9282766335612235		5.646290589318471
A0A3A4RC52	1.0060783776215398	0.9221291077264714		5.616723916253897
N78	1.90811929148856	1.0659848598351207		7.238043590664164
N79	2.6974158083333335		0.9569612327398913	
N80	2.677567800796816	0.24683483809348886		3.9117419912642606
N81	2.5754122421937335	0.5026365008549171		5.088594746468319
N82	2.454308525076338	0.704111666462553		5.974866857389102
N83	2.3191629136738863	0.8480052762778079		6.559189295062926
N84	2.154757130228108	0.9683423772408476		6.996469016432346
A0A0S7XNG4	1.66354655494778	1.1268114288558333		7.297603699226947
A0A7C7RFR3	1.5855670327577362	1.1380371096401727		7.2757525809586
A0A1V4QSD8	1.7195731910716976	1.1232643756969583		7.335895069556489
N85	2.3773464263016106	0.7965878108669859		6.36028548063654
A0A2M7SEZ1	1.8132311290106256	1.1064229451962897		7.345345854992074
A0A0S8KDK3	1.3981805466423354	1.1230297580219952		7.013329336752312
A0A399FXF3	1.7359054475736597	1.1201107527402152		7.336459211274736
N86	2.3944885579359534	0.7658936466933133		6.22395679140252
A0A2M7A7S6	1.8434830869461931	1.0989111056335523		7.338038615113955
A0A3D4ZXD0	1.6526850533454613	1.1259080284833547		7.282225195762235
N87	2.4244734820895637	0.7529958255083251		6.189452609631189
N88	2.3002606304095474	0.8649158817578971		6.624840039199033
A0A7Z9ZYA4	1.6442372637034623	1.1265960657728218		7.277217592567571
A0A7V2K8I4	1.7953326462675905	1.1064387648234257		7.327526470384719
A0A1V6CDB7	1.700230008551608	1.1270279134581638		7.335369575842427
N89	1.7892729085494594	1.0920398719632973		7.249472268365946
N90	1.7171145506033665	1.1062203532292454		7.248216316749593
A0A1G1JI71	1.4339155608584186	1.1218431945919363		7.0431315338181
A0A1G1LQ07	1.4925195787681702	1.1214019138648716		7.099529148092528
A0A1G1PNY3	1.4990496864309695	1.1258635637687695		7.1283675052748166
N91	0.8122481857039712	0.8320890784739648		4.972693578073795
N92	0.899724722887467	0.9049289068254491		5.424369257014713
A0A7C6YUT3	1.0460686790455267	1.0078541511788361		6.085339434939708
A0A6S4QM41	1.1067712101723186	1.0369173565473635		6.291357992909136
N93	0.976098330945763	0.9617877196058474		5.785036928975
A0A1G9QSV7	1.1041909050985488	1.0419859193670333		6.314120501933716
N94	1.0297944622229096	0.9952142419813084		6.005865672129452
L0K4R1	1.0705908738973704	1.0163054782103542		6.1521182649491415
D9QTJ4	1.0818810155988579	1.0251355240836055		6.207558636016886
N95	0.3724682653333333		0.28559815339557326	
N96	0.3210203615590422	0.23001972296629777		1.471118976390531
N97	0.3394447906382673	0.31020805229551895		1.890485052115862
N98	0.43871019062791583	0.5381238070523442		3.129329225889637
N99	0.4924855120377891	0.6237949966151177		3.611460495113378
N100	0.5815600166045062	0.7422606194320139		4.292863113764576
A0A1G3KZV3	0.9551726000358379	1.0129583119605385		6.019964159838531
N101	0.8475722676568486	0.9522343208734728		5.608743872024212
A0A1F9INQ7	1.0398035841632491	1.03804775254221		6.2300423468743
A0A7V7WPY4	1.013747308898616	1.0322694220720134		6.1750944192586825
N102	0.5985101508373342	0.7650105959055185		4.4235631303649265
N103	0.768580035481821	0.9041969450310909		5.289564760637275
A0A1F6QMC7	0.9766760123287929	1.0169089015084296		6.061220519870941
A0A388TAU9	1.0172097463931178	1.0299419827074014		6.166919659930125
N104	0.8306691919147796	0.9389770504911071		5.525554444370315
N105	0.8512771007142919	0.9555345150522827		5.628949675975705
N106	0.9347634379574008	1.0015576747020059		5.94255181146743
N107	0.9723489146439034	1.011804789250918		6.031372860898494
A0A0R2RJJ7	1.077089166249431	1.048754598699156		6.320862159745211
N108	1.0084600272066366	1.0344679512570825		6.1807997834920485
A0A1G4A8W3	1.1006562176433845	1.053462334497166		6.367967890129215
N109	1.0234312667379621	1.0346536439215923		6.196699486345923
N110	1.0507282897048085	1.035164906863457		6.226552824022093
A0A2G4G5B3	1.1111001854068532	1.062476503633411		6.4234827035739075
A0A8J3GFM7	1.1093594695378535	1.0582276252899663		6.400497595987685
A0A1Q6UKU2	1.0942577725133567	1.0528132582453726		6.35832406374022
N111	0.9776680808836365	1.0151560836643132		6.053448499205202
A0A2A2XV17	1.0434458366646646	1.0408674962596856		6.247783317963092
A0A1Z8P9K1	1.1065325388834757	1.0613553521749128		6.4133092997580405
N112	0.9482735032951343	1.0049224461406039		5.972885733998154
N113	1.0152395575838271	1.0321504122010892		6.175991618589273
A0A2V6DHV6	1.1283171240459655	1.0622823908133683		6.439729078112807
A0A2V6KI72	1.090235166034169	1.0597880607703112		6.389175469885725
A0A7V9ERH9	1.1085489568803808	1.0585370690556337		6.401234302158549
N114	0.8875188145300968	0.9792479017001411		5.783758323030802
N115	0.9186991980575112	0.9945379837603788		5.891389116859405
A0A4Y8PHL3	1.07340974283024	1.0500991753283642		6.323905619472061
A0A7R8L9V1	1.070220731578959	1.0482623805177647		6.311532634167782
A0A8J2FWH9	1.054345876260263	1.0393136807010286		6.250914279765406
N116	0.6855498340843159	0.84578228974807		4.914461282824666
N117	0.7314863296092566	0.8706825408205839		5.084899033712176
N118	0.7736760863149196	0.9062235588366317		5.304793880498078
N119	0.8234686962696687	0.9399347359544377		5.523142376041857
N120	0.8719884782793577	0.9651976867927939		5.697976912243327
N121	0.9939841664177483	1.0191096483075175		6.0895324079553355
N122	1.0534747465115988	1.0431571576410577		6.269260534716887
A0A2W4X6E1	1.1409908730884426	1.0669320586357818		6.475651166267352
A0A7Y8MHT8	1.1223030138727845	1.0568072841491427		6.406339434618498
N123	1.145751750655201	1.0601395877831057		6.446449689570729
N124	1.1704746996878974	1.0760685660544416		6.5508175299601055
A0A0P7Y0H8	1.1798414495066967	1.0731012933806263		6.545347916409828
A0A5M6ZLR5	1.1821500035279433	1.0717465788418525		6.540882897737206
Q0AN25	1.1815496083886237	1.071756866083808		6.540333938807663
N125	0.9093254376952679	0.980962180693672		5.8141363411636275
N126	0.9331778548980395	1.0021070559886658		5.943713134841368
N127	0.9692541331802691	1.0104481383697455		6.021494825028996
N128	1.01437136262318	1.0357382249795004		6.193062487520682
N129	1.0904153076783203	1.0486583310791608		6.333706963074125
N130	1.1051726593774294	1.0664221188152794		6.437283253453827
A0A4Y8ZKY9	1.1655257664167444	1.0720118739140545		6.525585135987017
A0A7T2LMS5	1.171251572455611	1.0724549080404		6.5335261126576105
N131	1.10663434214855	1.0610650389023433		6.411959536660267
A0A5C6UB82	1.1746244399411625	1.0767605156194335		6.55842701803833
N132	1.1427375987826973	1.0728844516003049		6.507159856784222
N133	1.1675350436773129	1.0731016570728462		6.5330433290415435
N134	1.1712098264217887	1.0774413263475129		6.558416458159353
N135	1.1742246379539134	1.0741922320479773		6.5451857981938
A0A3R9WT50	1.1875944004477095	1.0771877401750058		6.573533101322739
N136	1.1821797837947876	1.0742124090938914		6.553241829264245
A0A6J4TS35	1.1820325075953588	1.0734579551603676		6.549322283397197
A0A7X5Y6C0	1.1868836922878487	1.0732192085130445		6.552979734853071
A0A6G7ZNT2	1.1859521658133516	1.076321023128053		6.567557281453616
N137	1.166992709040017	1.0668779239123263		6.5013823286016486
N138	1.1758717214459122	1.0710630867455486		6.5311871551736544
N139	1.1798327529734114	1.0693270422618792		6.526467964282807
A0A418Q0P0	1.1849807872137756	1.0756576147613213		6.563268861020382
A0A516IP38	1.1877048479730978	1.0737172859959663		6.55629127795293
A0A7G9SD19	1.1822977777647976	1.071779141949252		6.541193487511057
N140	1.1746068831649161	1.0648870220334912		6.499041993332372
A0A7H0G2M7	1.1798179108324358	1.0762147449453274		6.560891635559073
A0A7G9SF41	1.181871391340386	1.0732895927053103		6.548319354866938
A0A839YWY6	1.184981522713602	1.0756542620839724		6.563252833133464
N141	1.060095247457029	1.0427907019397364		6.274048757155711
N142	1.123763306811414	1.063730675254465		6.4424166830837395
A0A3M1A4H1	1.1675851953852643	1.0726873862294557		6.531022126532543
N143	1.1367993680604473	1.06522306679113		6.462914702016098
A0A3M1K7T3	1.17140947838397	1.0755274404235484		6.5490466805017125
A0A4R2P8Z7	1.1792667475276322	1.0750966101767194		6.554749798411229
A0A523FPS1	1.1744575552562484	1.07399782022873		6.544446656399898
N144	1.0734308116849305	1.0556412264184543		6.351636943777201
N145	1.1067423538711065	1.0641325612871648		6.427405160306931
A0A3M1U3F5	1.1941515848232647	1.0735973396394682		6.562138283020605
A0A1V5SW09	1.189160280770218	1.0710727351206004		6.54452395637322
A0A661U8L3	1.192434947085419	1.0754462174972608		6.569666034571723
N146	0.9937846832685064	1.0287446998154108		6.13750818234556
N147	1.0439677988821232	1.0400309215239658		6.244122406501953
N148	1.1276796511647191	1.060908497525569		6.4322221387925635
A0A6B3UPQ6	1.170762495892234	1.0664287674930937		6.502906333357702
V4NL84	1.1803413346208553	1.0698191143308176		6.5294369062749436
N149	1.1454387650536342	1.0647423308518944		6.469150419313106
A0A0F3NMS1	1.1837480396969802	1.0744015390174992		6.555755734784476
A0A643CMT3	1.1860121138738648	1.0750135332213906		6.561079779980818
N150	1.0716568264282291	1.0476365493703361		6.30983957327991
N151	1.1448097665147658	1.0706078403290271		6.497848968159901
A0A3D8IZG5	1.180313428242079	1.068297967936974		6.521803267926949
A0A3D8J3X6	1.175361228422256	1.073491619163141		6.542819324237961
N152	1.1078310644172207	1.059116887851114		6.40341550367279
N153	1.1180024319852055	1.0566015009266692		6.401009936618552
A0A3D8J901	1.189853893440516	1.074142242764324		6.560565107262136
N154	1.142821648034626	1.066432230829844		6.474982802183845
N155	1.175525140136706	1.0763171266645626		6.557110773459519
A0A553V200	1.1894543549870296	1.078924936552351		6.584079037748785
E7ADB1	1.1809675841218368	1.0768930589088648		6.565432878666161
A0A6J4CYD4	1.1847950244844694	1.0736936831315338		6.553263440142139
N156	1.1327708304395236	1.0602434510101815		6.433988085490432
B5ZA98	1.18127952311417	1.0691993010440555		6.527276028334447
A0A4P7WFH5	1.189412867035651	1.0700790517649248		6.539808125860275
N157	0.9982082377182778	1.0323782838890994		6.160099657163775
N158	1.1015949124140536	1.0607723144943875		6.405456484885992
N159	1.1151687552409766	1.0633573195532107		6.43195535300703
A0A0S8J5H4	1.176391744712827	1.0767359094228002		6.560071291826828
A0A6I7M2G3	1.188990562128384	1.0686498456839904		6.532239790548336
N160	1.110212025923883	1.0539940583257246		6.380182317552506
N161	1.1203620182428486	1.0600708228374593		6.420716132430146
A0A523WMF6	1.1797047866038173	1.0798196398457025		6.578802985832329
A0A7C5F672	1.1881008584393624	1.0760711402892789		6.568456559885757
A0A7V1ZVA7	1.1846149532297319	1.0698221518201125		6.533725712330295
A0A5D0MFU0	1.194964916347894	1.0746268161504673		6.568098997100231
N162	0.8464856734528814	0.9524325144933569		5.608648245919666
N163	0.9447466459879615	1.003111419513558		5.960303743555751
N164	1.0729859868121634	1.052143811510874		6.333705044366534
A0A0S8FER9	1.136336088955734	1.0612510663435906		6.442591420673686
N165	1.1065767020083113	1.0591265929762068		6.402209666889346
A0A523JR46	1.1678381747440496	1.0735673465403055		6.535674907445577
A0A6M1Y6Z3	1.1537950841140474	1.0635629267295157		6.471609717761625
A0A7C4GET7	1.164450278157163	1.0705822442433488		6.517361499373907
A0A522N6E3	1.110824568223199	1.0623143751702906		6.422396444074652
N166	0.865151599310195	0.9581475324490024		5.655889261555207
A0A7X7QGI3	1.1396775001902966	1.0692649163443815		6.486002081912204
N167	0.9320597458814321	1.0021188319417766		5.942653905590316
N168	0.9722641270353536	1.012110823282436		6.032818243447534
N169	1.0483457409478982	1.041623966356942		6.256465572732608
N170	1.0660251283406046	1.0459385953852702		6.295718105266956
A0A3A0CLI7	1.1601431100637567	1.0664407794154855		6.492347007141184
A0A7Y5RV39	1.1590391180076354	1.068301987011681		6.500549053066041
A0A7V4P2D6	1.1708099247356574	1.0765901179180923		6.553760514326119
N171	1.0487200145104278	1.0437126621611372		6.267283325316114
N172	1.0724048596765174	1.0485168648798764		6.314989184075899
N173	1.0823040790865677	1.0555612017640161		6.360110087906648
N174	1.1080212869200978	1.060633231758512		6.411187445712658
A0A3M1QR79	1.1309545864436874	1.0665785224288815		6.463847198588095
A0A7C2KXP2	1.1574074443199032	1.0702046110726102		6.508430499682953
A0A5C5VUL7	1.1725738520467774	1.0708643579163657		6.526895641628606
A0A7S6S0P1	1.174511622730202	1.0743238704826334		6.5461309751433685
A0A847I5C2	1.133636855413391	1.0688908887744935		6.478091299285858
N175	1.0076428690979407	1.0291167781584973		6.153226759890428
N176	1.0437562796244066	1.048391469824075		6.285713628744782
A0A3A4Q351	1.129719090683231	1.0667933898419462		6.463686039892962
N177	1.0740353116597972	1.0497851926934156		6.322961275126875
A0A6I0EBI3	1.1542733286376923	1.0682828704412464		6.495687680843924
A0A7Y4RBT6	1.1582372967225207	1.0688145477364492		6.502310035404768
N178	1.0922423949577404	1.0565246550270884		6.3748656700931825
N179	1.1101359040190557	1.0572931510258512		6.3966016591483115
N180	1.1131940055952583	1.0596961894315697		6.411674952753107
N181	1.1337980035363506	1.0627222839789379		6.44740942343104
A0A3L7T6Z7	1.18370954992367	1.075469938212297		6.561059240985156
N182	1.1609931828171274	1.0687932498877375		6.504959432255815
A0A3L7PMV4	1.188197327844467	1.0776394093773105		6.576394374731019
A0A3L7Q2J8	1.1826600410728763	1.0724701246710107		6.545010664427929
N183	1.136486672259885	1.0660447080265694		6.466710212392732
A0A6P2AJP7	1.179017186769342	1.0671029922758033		6.5145321481483585
A0A7Y2I0D4	1.1867602472453336	1.0730695306375313		6.55210790043299
A0A7S6MAS3	1.17436862951299	1.0664908855551374		6.506823057288678
A0A523NFV9	1.170609233117744	1.0735481759700896		6.5383501129681925
N184	0.8348336431193112	0.9325898442854569		5.497782864546596
N185	0.8966686647929443	0.9826187054874443		5.809762192230166
N186	0.9265212338482363	1.0011702520818884		5.932372494257677
N187	1.0132184067359393	1.0274246630352573		6.150341721912225
N188	1.1093062548960875	1.0632846347175757		6.425729428483966
A0A7V2EWF0	1.1624863719096925	1.0708966619136413		6.5169696814778995
A0A846PC18	1.1783563390292056	1.0753903483604699		6.555308080831555
N189	1.0362514148290811	1.0385275672583891		6.228889251121027
N190	1.0996525777121582	1.0577321864483928		6.388313509954122
A0A660ZQH6	1.1783903265084743	1.0716205918584496		6.536493285800722
A0A4Q6EUG8	1.1904886778628867	1.0783644314035226		6.5823108348804995
N191	1.1115505759193827	1.058833097312042		6.405716062479592
A0A661A4I9	1.1838452963014159	1.0663300401029063		6.515495496815948
A0A496UQV2	1.1814913647247052	1.0704528648261988		6.533755688855699
N192	1.117218123097578	1.0571371299542727		6.402903772868941
A0A1V5M317	1.1779714552533789	1.0821359037855534		6.588650974181146
A0A431L747	1.1806202388136737	1.0728800613902019		6.545020545764683
N193	1.1150381736375137	1.0514542372582685		6.372309359928856
A0A538U5U8	1.1770807256816667	1.070869590512389		6.531428678243612
A0A849SDF4	1.17619356687422	1.0714381250685985		6.533384192217213
N194	0.9096898102137082	0.9894557726035883		5.856968673231649
A0A7C3B149	1.1694784892975807	1.0769115129902478		6.55403605424882
N195	1.0607121145888576	1.0404878018603112		6.263151123890413
N196	1.089313210123379	1.0610377761789482		6.39450209101812
N197	1.1114076546758371	1.05646672260116		6.393741267681636
N198	1.1139115991329362	1.0651034436580875		6.439428817423374
N199	1.1367214650065107	1.0640159931891942		6.456801430952481
N200	1.1598615179427951	1.069770327418954		6.508713155037565
N201	1.177872785673738	1.0713515575986552		6.534630573667014
N202	1.185480319434879	1.0744956247559039		6.557958443214398
Q97YJ9	1.1914902144143595	1.0728891476736955		6.555935952782837
C4KG48	1.188115917898873	1.062463268226874		6.500432259033243
D9PYY3	1.1889748822591548	1.0704628151412536		6.541288957965422
E1QUK3	1.186564048444096	1.0744912406072729		6.55902025148046
G4RLE5	1.1838714193801023	1.0715565551647608		6.541654195203906
N203	1.1352228021085295	1.0617208210801172		6.4438269075091155
A0A6I5ZTW5	1.1838079572896003	1.0724170333804044		6.545893124191622
E1RC85	1.1793989180462812	1.0781322823352038		6.570060329722301
A0A6J4WUB8	1.185390894766653	1.0703947403911507		6.537364596722406
N204	1.1026227632302914	1.0619757807487535		6.412501666974059
N205	1.1058618868106616	1.0550303967207		6.3810138704141615
N206	1.1205059909585677	1.0607260380889427		6.424136181403281
N207	1.1379070458986216	1.0640346362989401		6.458080227393323
N208	1.1612419200262198	1.0736882570413304		6.529683205232872
A0A151AFZ0	1.1867439899787284	1.0718443234602546		6.545965607280001
N209	1.1805846456490154	1.0772550500638434		6.566859895968233
A0A1J5JME4	1.1833673429535279	1.074281417229749		6.554774429102272
A0A5P9HTK2	1.1821366758666672	1.0703052522122254		6.5336629369277945
A0A136KWC7	1.1893109154209789	1.068609112853087		6.532356479686414
A0A518B268	1.1815391227743777	1.07007240834367		6.5319011644927265
N210	1.1367894512541605	1.0589722620101811		6.431650761305066
A0A523EA33	1.1844285830064147	1.0758271868676552		6.563564517344691
A0A7J4E573	1.1751763264362578	1.0744485457248834		6.547419055060675
N211	1.1870194060920898	1.0773137067384253		6.5735879397842165
A0A7X0B505	1.185348955423131	1.071807396760482		6.544385939225541
Q2T3G7	1.1905907240229072	1.068752377225091		6.534352610148362
A0A2E6E9I3	1.1883657089705675	1.070769426261678		6.542212840278958
N212	0.8173056407230127	0.9318700445321062		5.476655863383543
N213	0.8876467473747804	0.9765483282643451		5.770388388696507
A0A399X9W9	1.118887910033591	1.0633151504159142		6.435463662113161
A0A7Z9K0Z0	1.1773912811702956	1.0751352540555386		6.553067551447988
N214	0.9336948182295186	1.005456605580842		5.960977846133729
A0A7V4KND1	1.1473684439168208	1.0707683538655193		6.501210213244417
A0A7K3YUY1	1.1399757256916747	1.0607114781073814		6.443533116228582
N215	0.43754067733305385	0.5463648828352662		3.169365091509385
N216	0.5829812656624848	0.7456617778586592		4.311290154955781
N217	0.6248084077178074	0.7838207605270228		4.5439122103529215
A0A7V1I2W6	0.9020756576617334	0.9875288603710771		5.839719959517119
A0A6N9IVY1	0.9129853944650401	0.9836054458498854		5.831012623714467
N218	0.7133417882871856	0.86718353826464		5.049259479610385
A0A7V8D6U8	0.9517460756250143	1.0054171377619667		5.978831764434848
A0A2N1W796	0.9937677085877702	1.0306208974462048		6.146872195818794
N219	0.5121410964758776	0.6521925623434318		3.7731039081930366
N220	0.6184007607559093	0.7852345384483351		4.544573452997585
A0A7V2V253	0.9358364776111917	1.0002339066441133		5.937006010831758
A0A7C4ARU2	0.9782612890346903	1.0110611770327809		6.033567174198595
N221	0.6040013170319269	0.7611256576081228		4.409629605072541
N222	0.7351255940028477	0.8754799035822239		5.112525111913968
D3SL99	0.9029035174815532	0.9797827960146174		5.80181749755464
B4U6I9	0.8903441390525388	0.976814637440124		5.774417326253159
B8E2W8	0.9303719519192295	0.9974017696893603		5.917380800366032
N223	0.40610865928182244	0.4851489627815895		2.8318534731897698
N224	0.4769436184772264	0.5893574880578684		3.423731058766568
A0A6G2JQN9	0.9068816036175642	0.9887514972735838		5.850639089985483
N225	0.7092080306987233	0.8554374200916253		4.98639513115685
A0A7C5YMT1	1.0523249629538047	1.0463403636778132		6.28402678134287
A0A7Y5EQK5	1.0410288867246735	1.0412847252226098		6.247452512837723
N226	0.5649133926331689	0.7226972665518872		4.178399725392605
A0A7V5XHR8	0.7569062177227305	0.8990969397342722		5.252390916394091
A0A1G2YZF4	1.0022095238794078	1.0295268838405123		6.14984394308197
N227	0.4221575046666666		0.8582179918134931	
N228	0.40113354515262395	0.4539442441179951		2.6708547657426
N229	0.5568364697141978	0.7147242066744997		4.130457503086696
A0A1F6D347	0.8531440814099039	0.9545901322525737		5.626094742672772
A0A7V3BPH8	0.8689338512052363	0.9654579883392062		5.696223792901267
N230	0.46618051478439154	0.5824431493913567		3.378396261741175
N231	0.5182705477977559	0.6680690986386724		3.8586160409911177
N232	0.5889464853080328	0.7414477602574207		4.296185286595136
N233	0.7122991366080148	0.8592298056285801		5.008448164750915
A0A7V1BV23	0.92470580056347	0.9970791042342744		5.9101013217348415
A0A523VH58	1.0442087756965577	1.039299782129342		6.240707686343268
N234	0.6540246365511545	0.8110373949554044		4.709211611328176
A0A1F2WH50	0.9328772816162021	1.001280577886594		5.939280171049172
A0A2N3G6Z9	1.021325719838815	1.0316809169621248		6.179730304649439
N235	0.5595106957365428	0.7176676383385889		4.147848887429487
N236	0.6574839979777215	0.8116919450803082		4.7159437233792625
A0A661K9E5	0.920149164524415	0.9897878342140762		5.869088335594796
A0A7V3UIU8	0.9177837558707475	0.9859938806557298		5.847753159149397
N237	0.6116657035443818	0.7705799518097167		4.464565462592965
A0A6V8NLR2	0.8947686791707998	0.9793842838103475		5.791690098222537
A0A7X7GDC1	0.9157166671390967	0.9888425380273395		5.859929357275794
N238	0.6566680474521426	0.8129356717189758		4.721346406047021
A0A2H5XC00	0.9335105818044009	1.0017828062433187		5.942424613020995
N239	0.8525137523513848	0.9471940402621531		5.58848395366215
A0A7J9WXM2	1.014544538676513	1.0277848433833119		6.153468755593073
A0A7W1C5S9	1.0949638268300996	1.0609152698837991		6.399540176249095
N240	0.30420181549548647	0.12785477899853662		0.9434757104881695
N241	0.43659999362094154	0.5397468749324187		3.135334368283035
N242	0.6556062905287077	0.8093297320740886		4.7022549508991505
N243	0.7359106502131183	0.8758046056120623		5.11493367827343
N244	0.7864986734639106	0.9150522222348442		5.3617597846381315
A0A073ITR8	1.0103794512550615	1.0307520410168631		6.164139656339377
A0A3D3CIN2	0.9737191338311363	1.0162378314077902		6.054908290870087
N245	0.7653009291952528	0.9018779246816587		5.274690552603547
A0A1X7JT71	0.9919708072536105	1.0247785650547852		6.115863632527536
A0A3C0SHY2	1.0279540008436245	1.0359962926288262		6.207935463987756
A0A832JQL2	0.9991222763308168	1.0254321626575695		6.126283089618664
N246	0.7026319686407201	0.8468592195822113		4.9369280665517765
N247	0.7646979361554516	0.9026126573472542		5.277761222891723
A0A2T2WKN2	0.9657994856084208	1.0115142938882047		6.023370955049444
A0A2T2X307	0.9931746641071544	1.023491771779403		6.11063352300417
A0A6F8ZEW5	1.0075478101667388	1.0351372332814144		6.183233976573811
N248	0.3038263901936639	0.13239806573976515		0.9658167188924898
N249	0.44268563915931913	0.5111805178911895		2.9985882286152665
F7NLI5	0.877686714177015	0.966631296329458		5.710843195824305
N250	0.4954775672168713	0.5846900845987962		3.4189279902108525
N251	0.6185593271675874	0.7022358570055784		4.12973861219548
N252	0.627548039153506	0.7093608881752793		4.174352480029903
N253	0.6808544105457549	0.7147357803220393		4.254533312155951
N254	0.7053464729130259	0.7411788087372526		4.411240516599289
N255	0.936971259550853	0.95562797710968		5.715111145099252
C8WR67	0.9422827994918062	0.9478051269608224		5.681308434295918
F8IGH4	0.9391084287393194	0.9553461546213523		5.715839201846081
F5L972	0.9155991741377354	0.9288477169284168		5.559837758779819
N256	0.6920333847650493	0.6939143349723396		4.161605059626747
N257	0.7082573510445366	0.6505800359831481		3.961157530960277
A0A0K9HJH1	0.5610371706666667		0.14553212185581377	
A0A061NZ08	0.9715640679262422	0.9354855884374116		5.6489920101133
N258	0.9574192639519191	0.9529033774754171		5.721936151329004
A0A4Q4IF88	1.060907604095276	1.0081509967120268		6.101662587655411
A0A4Y1ZIF4	1.0957303595009138	1.0360169491910751		6.27581510545629
N259	0.6813644857496036	0.762271614256777		4.492722557033489
A0A1U7EAS9	0.9633626472374396	0.985736171678153		5.892043505628204
A0A2T5G4K1	1.0006724793113198	1.0106372072607313		6.0538585156149765
N260	0.6633616760083234	0.7689129596121195		4.50792647406892
N261	0.7484551686487025	0.841111008074984		4.954010209023623
N262	0.8012310279374254	0.8821803167121081		5.212132611497966
N263	0.8805768250469268	0.9406637611653224		5.583895630873538
A0A4P6ZTU5	1.0322616430960367	1.0216270617000813		6.140396951596443
A0A0M8Q9C6	1.040198996885392	1.0287778829003436		6.18408841138711
A0A0F7RKJ6	0.9809553197206787	0.994329674006001		5.952603689750684
N264	0.8540391143333241	0.9232764647077575		5.470421437872112
N265	0.9355635561336393	0.9709588213187457		5.790357662727368
N266	0.9715149010414	0.9897388067389438		5.920208934736118
Q2FWK4	1.0369450904091675	1.025021072167041		6.162050451244372
A0A5E8SJD0	1.1049770791949591	1.0515021700074367		6.362487929232143
D4YFN7	1.0876379947240358	1.0420237627049829		6.29775680824895
N267	0.9176190657690965	0.9682939574975766		5.759088853256979
N268	1.0209156674285287	1.0196491187627417		6.119161261242237
N269	1.057471342511806	1.030500209669588		6.209972390859747
D4FQ25	1.0532404217292537	1.0329460935706714		6.2179708895826105
Q04M32	1.056936126238307	1.0331264070732864		6.222568161604739
Q02138	1.0941547807417842	1.0471044158267977		6.329676859875773
N270	1.0208095663528842	1.0235441153843923		6.138530143274846
A0A1Z5IWS1	1.1251995141879314	1.0545089325566421		6.397744176971142
A0A2N9KEV4	1.1279197639216043	1.0600923242367608		6.428381385105409
N271	0.7285488305352599	0.8255785837782409		4.856441749426464
Q9RU74	1.033725761134574	1.0249210865296734		6.15833119378294
N272	0.8188711483248594	0.8983861313553602		5.3108018051016606
N273	0.8868933948838286	0.9444399827011516		5.609093308389586
A0A1C5SGF7	1.0270721985219	1.021531465220275		6.134729524623275
A0A1I1Z6E6	1.0590955387369454	1.0363299047841599		6.240745062657744
A0A4Q2A0F7	1.1067965733228509	1.0467502603123031		6.340547874884366
N274	0.6279686609294175	0.7522999467682		4.389468394770418
N275	0.7041012713731238	0.8332967306770686		4.870584924758466
N276	0.7394514715840914	0.8573983008441698		5.02644297580494
A0A075R765	0.924784520237272	0.9824002460203617		5.8367857503390805
A0A1V4ESR4	0.9833943998257618	1.004556397747241		6.006176388561966
N277	0.7851578276480823	0.8959156743281702		5.264736199288934
A0A089HNA3	1.0072916800384495	1.0256648502125816		6.135615931101357
N278	0.9608200260373034	0.9966071206147133		5.943855629110871
C3AU22	0.9978973242060968	1.0202597076120399		6.099195862266296
Q81S27	1.0051626899534287	1.017229505233196		6.0913102161194095
N279	0.7462832230198119	0.8442488572261382		4.967527509150503
A0A1U9K4F2	0.9532870531225455	1.0011512548829842		5.959043327537467
A0A2T4Z8B6	0.9608586780667877	0.9970539047286191		5.946128201709883
N280	0.311617516285818	0.12663566336874563		0.9447958331295462
N281	0.3595501949675383	0.3519345655336499		2.1192230226357878
N282	0.42955330915816337	0.5253707814458406		3.0564072163873663
N283	0.460434757707217	0.563489133945731		3.277880427435872
N284	0.5514535535637114	0.7047350694122749		4.075128900625086
A0A1J5JG49	0.8469837431710879	0.949939540126684		5.596681443804508
N285	0.5997548416379016	0.7577712951580863		4.388611317428333
N286	0.6580742348209389	0.8083529252477801		4.699838861059839
N287	0.7056820156058647	0.8540276055986878		4.975820043599303
N288	0.7198729799664488	0.8578910457157793		5.009328208545345
N289	0.7658712875004269	0.8952575927033607		5.24215925101723
N290	0.7836891495985506	0.9119788651387237		5.343583475292169
N291	0.8185632665768798	0.932454026877644		5.4808334009651
A0A1Q7SN97	1.0471317071406825	1.0453163172923707		6.273713293602536
N292	0.8298800565996695	0.9394150211930251		5.526955162564795
N293	0.8455259300463619	0.9531721258635942		5.611386559364333
N294	0.8753789056242088	0.9685619781148377		5.7181887961983975
N295	0.9037820240854555	0.9825029983419931		5.816297015795421
N296	0.9474452320674278	0.9999446413548685		5.9471684388417705
N297	1.0058144077714068	1.0278170935581794		6.144899875562304
N298	1.017600811276682	1.03652427082272		6.200222165390282
A0A0S8EGP1	1.102998483112721	1.0644214955704823		6.425105960965132
A0A523SFJ6	1.0892945201741167	1.0590660963353058		6.384625001850646
N299	1.0343442315309737	1.034633451667946		6.207511489870704
A0A1F8LUZ2	1.1115099611325128	1.0573002727396954		6.39801132483099
A0A1F8NUR1	1.1077696976361802	1.0651376534254167		6.433457964763264
A0A1F8PLQ5	1.0521704206740565	1.0476992479069427		6.29066666020877
A0A7X7JR29	1.0799441525121036	1.0500630885683386		6.330259595353796
A0A7V2P430	1.0448818367336017	1.0403068066897636		6.246415870182419
A0A0S8CCJ8	1.0655404302406284	1.0446520502991308		6.288800681736283
D1CDV4	1.0416315113205714	1.0423799894104007		6.253531458372575
N300	0.851905925833616	0.948521691646873		5.594514384067981
N301	0.8633133906979842	0.9606404903174548		5.666515842285258
N302	0.941265214661403	1.001341814793821		5.947974288630507
A0A2E3AMF5	1.0738310683778696	1.0520295200798648		6.333978668777194
A0A2W1AZR1	1.057453529148795	1.0501700537345275		6.3083037978214325
N303	0.9994246620462124	1.0269220301332846		6.1340348127126365
A0A2A4SJA3	1.078868795002267	1.050906018662252		6.333398888313527
A0A6L7Q0Y3	1.0938843998334156	1.0574421452412315		6.381095126039573
N304	0.9009974562800906	0.9846408724228229		5.824201818394205
A0A2H5YEB0	1.031433894406696	1.043751269786184		6.250190243337616
N305	0.9765548563380566	1.0184485374511585		6.068797543593849
A0A5N9GRZ8	1.0572714524587794	1.039996869369567		6.2572557993066145
A0A2D8MTB0	1.1340394767411424	1.0596772022103538		6.432425487792911
N306	0.7830646054776642	0.9149553199799858		5.357841205377593
N307	0.8324945685911341	0.9359724358573716		5.512356747877991
A0A7X3Y4C7	1.0428433452579433	1.0368890519771026		6.227288605143456
A0A5N9CBA8	1.059498009425299	1.0472430754695783		6.2957133867731905
N308	0.8421165664178462	0.9493445124279063		5.588839128557377
N309	0.8813942333204481	0.9736522997380911		5.749655732010904
A0A3B9QNV3	1.0428288408815467	1.0418351298873707		6.2520044903184
A0A7C6XGK2	1.0419818041081392	1.0396586430548749		6.240275019382513
N310	0.9004775545897715	0.9860094922226295		5.83052501570292
A0A2G6GJ72	1.0653042942824802	1.0489889469075475		6.310249028820218
N311	0.9169878138460545	0.9821574630786868		5.827775129239488
N312	0.9902366643307614	1.026763329975204		6.124053314206781
N313	1.0172663989788129	1.030643732157722		6.170485059767423
N314	1.018337066407584	1.0305684833664344		6.171179483239756
N315	1.033714247036462	1.0379916465967565		6.2236724800202445
N316	1.0536785108271507	1.04578446655855		6.2826008436199015
A0A2V7X7K8	1.106756383679445	1.0577237612136037		6.3953751897474636
A0A7V8WH09	1.1147557540557755	1.0567422888728006		6.398467198419779
A0A1F2V0C2	1.116297238874105	1.0621883197384026		6.427238837566118
A0A7C5NNG6	1.111561260309443	1.0578883182744918		6.401002851681902
N317	1.0331500754427858	1.0371029387863664		6.218664769374618
A0A2V8GK10	1.1097177947908308	1.0617030163415553		6.418232876498607
A0A7V9NET1	1.0884050392764533	1.0602077444432991		6.389443761492949
N318	0.9981046020521271	1.0350688972334448		6.173449088219351
N319	1.0123618601101692	1.0405040216124344		6.2148819681723415
N320	1.030514636578741	1.0375092223807543		6.218060748482512
N321	1.0538528970622494	1.0480985278164487		6.294345536144493
N322	1.0645477512104986	1.0496243815718225		6.312669659069611
A0A3D4FSB2	1.1125649954697825	1.0565558606240122		6.395344298589844
A0A2V9CIE9	1.1233571355985226	1.0623370453298835		6.435042362247939
A0A847F1I1	1.1343249621558094	1.0614564609962889		6.441607267137254
N323	1.0533828285278584	1.0380640761509252		6.243703209282485
N324	1.066611442741243	1.0504207875605778		6.318715380544131
A0A1D8AZN4	1.1183716388208904	1.056585168710527		6.401297482373525
N325	1.0855813095590794	1.0544819175759663		6.357990897438911
A0A3P0X8I4	1.135070767348175	1.0639334732287034		6.454738133491691
A0A1H5SVM6	1.1404103761977402	1.0653503363271748		6.4671620578336135
A0A2V8HQ07	1.1347922362659806	1.0632744765298499		6.4511646189152305
A0A2V9ZTD9	1.10629253593367	1.054124005478663		6.376912563326984
N326	1.0177391152093718	1.0339267782346717		6.18737300638273
Q1ILZ3	1.0933403807563926	1.0645096815623318		6.4158887885680524
N327	1.024431738578472	1.041069597384978		6.229779725503362
N328	1.0373421745679805	1.0391310377351606		6.232997363243783
N329	1.0723877529277845	1.0464065631845911		6.304420568850741
A0A7Y6UH36	1.1167061363684723	1.0605581684344136		6.41949697854054
A0A356T8Q2	1.1395639978176493	1.0636741244532237		6.457934620083767
A0A2N2NFK4	1.1070839971426574	1.0538847779722398		6.376507887003856
N330	1.0582535403323141	1.047792477833107		6.297215929497849
A0A7C3G9T0	1.1360943926038598	1.0640378851950352		6.456283818579036
A0A7Y5BQ80	1.0991394561126453	1.0572122811450673		6.385200861837982
N331	0.9339933879579254	1.0028820897073687		5.9484038364947684
N332	0.9708689562914163	1.0161484215961378		6.051611064272105
N333	1.0024407015350711	1.0279920471768182		6.142400937419162
A0A2M8NZL0	1.092803307392675	1.0584422480276576		6.385014547530963
N334	1.0166387905249548	1.0336650227913549		6.184963904481728
A0A3E0NXN8	1.1003776723387402	1.060865927712243		6.404707310899955
N335	1.03237191487452	1.0347344161744836		6.206043995746938
N336	1.0419025217071691	1.0399566792999644		6.241685918206991
A0A7C1J0C0	1.100915838652761	1.0609251344665367		6.4055415109854446
A0A2M8Q1X3	1.1131940737696775	1.0567910109385164		6.397149128462259
A0A3N5SQ14	1.1092651222547392	1.0539006574272005		6.378768409390742
A0A6B1DW06	1.0847069468794523	1.055230690526895		6.360860399513928
N337	0.9760115513723746	1.0136515977785947		6.044269540265349
N338	1.0083824168073214	1.035730366706155		6.187034250338097
A0A2V7HGP6	1.1054671623319094	1.0645621062757442		6.428277693710631
A5UUQ0	1.0728441950797774	1.0484652005110768		6.315170197635161
A0A536SZS6	1.109144543859891	1.0624181585733106		6.421235336726443
N339	0.7380038917084791	0.8828130999421386		5.152069391419173
N340	0.8238649383889589	0.9366559081180811		5.507144478979364
D1C423	1.0112948271060762	1.0377980322700804		6.200284988456478
N341	0.8497593690943535	0.9557527377241627		5.628523057715167
N342	0.9098727503881553	0.9800952840661835		5.810349170719073
A0A2V8UIA6	1.0781566050786355	1.0547900876161393		6.352107043159332
N343	1.0634826954680794	1.0506978357804373		6.316971874370266
A0A2V9JRQ6	1.0792682954637352	1.0528978526380655		6.343757558654063
A0A2V9KL55	1.0783504367588805	1.0469373488772395		6.313037181145079
N344	0.9212662239082885	0.9970481251073764		5.9065068494451705
N345	0.9661844197164338	1.0097516637441353		6.01494273843711
A0A7V9SBM5	1.0580234227938592	1.0412689757176483		6.264368301382101
A0A7W0A4S7	1.0712098673095956	1.0505514030835963		6.323966882727577
A0A7V9VDC8	1.0688774223301274	1.0495346501392826		6.316550673026541
N346	0.8139955364587204	0.936803725374586		5.498014163331651
A0A7C6DNS4	1.0031924516496276	1.0270103093570344		6.1382439984348
A0A2D6NA19	1.045459317729908	1.0422213351918361		6.256565993689089
N347	0.7375883690413817	0.8711880110942891		5.093528424512828
N348	0.7857403335998615	0.908245733009852		5.3269689986491215
N349	0.8470066933226778	0.9563861598899528		5.628937492772442
A0A7C2FT13	1.0426152046965405	1.0427439017891225		6.256334713642152
A0A1F8KVM8	1.0879060033488195	1.0595848082222987		6.385830044460313
N350	0.8654410425841912	0.9577254947669237		5.65406851641881
N351	0.9912922136706165	1.0243363301807387		6.11297386457431
A0A068NJC1	1.0783683384358878	1.045713799088352		6.306937333877648
A0A7W1Q545	1.1510127748661476	1.062376619817506		6.462895873953678
A0A2E5IW38	1.0912292549099516	1.054755621716593		6.365007363492916
A0A535Y6C9	1.0988475485887472	1.0612170511005143		6.4049328040913185
N352	0.7249487759987095	0.8626956961688428		5.038427256842923
N353	0.7984076969004221	0.9288287914063602		5.442551653932223
A0A535BGC4	0.9968892856778041	1.0330047514730312		6.1619130430429605
N354	0.8524653093042495	0.9507569507500954		5.606250063054726
N355	0.9162599340241565	0.9809803378680019		5.8211616233641665
A0A3L7W4Y2	1.110676872176124	1.0588763134349508		6.405058439350878
A0A849J0X8	1.1039558400123546	1.066007750585139		6.43399459293805
A0A535KSC9	1.0724843835339695	1.0502754419226348		6.323861593147143
N356	0.8269510675433923	0.9378972909372354		5.51643752222957
A0A838UZH0	1.014534336284856	1.0314310151571544		6.171689412070628
N357	0.8613942645409389	0.9590680675319475		5.656734602200677
N358	0.9212791911297561	0.9935852936191513		5.889205659225512
N359	0.9708514980042177	1.0200566511687061		6.0711347538477485
A0A536GMR9	1.092966450808921	1.054514757903672		6.365540240327281
A0A535LLX9	1.023715474636004	1.0294725978599568		6.171078463935789
A0A7I8EMQ3	1.1080392626705242	1.0581238740241385		6.398658632791217
A0A2W6AMJ6	1.1298221458118487	1.0668383855759997		6.464014073691848
N360	0.6573278002959377	0.8080891612243648		4.697773606417761
A0A6A7LS88	0.9571068153374179	1.0084124293270564		5.9991689619727
N361	0.6822740290318976	0.8411285095986322		4.8879165770250586
A0A6L7UI59	0.9416267566043276	0.9959685562876804		5.9214695380427305
N362	0.8071552426978781	0.92798620805641		5.447086282979928
A0A6B1A5D3	1.0162196837907942	1.0338319547175208		6.185379457378398
A0A6G1STP4	1.0069310377334824	1.0276405473031476		6.145133774249221
N363	0.6053851840335027	0.76078190347929		4.409294701429953
N364	0.7253717820596041	0.8642579989942206		5.046661777030707
A0A089P5Y9	1.0374432448054522	1.0392017775761646		6.233452132686275
A0A2G8PDJ7	0.89117047373699	0.9774274960726025		5.778307954100002
A0A1F6REY4	0.9759807829030962	1.01529230000608		6.052442282933496
N365	0.5473989203785306	0.7058832591539476		4.076815216148269
N366	0.6874348765843799	0.8409954912568465		4.892412332868612
A0A7V4AZH8	0.9508525686336133	1.003858130127982		5.970143219273524
N367	0.8296280325964683	0.9412739813884109		5.535997939538523
A0A1F2RFH4	1.0486292030349111	1.03852538165099		6.241256111289861
A0A2V9ZG88	0.9993558953880737	1.029246323834552		6.145587514560833
N368	0.6221578493226168	0.7861746360269095		4.5530310294571645
N369	0.8692460048943715	0.9596005041729403		5.667248525759073
A0A0D2HPJ1	1.0370904508043017	1.039391226750571		6.234046584557156
A0A3A6NUI3	1.0412244547790106	1.0403694019438934		6.2430714644984775
N370	0.8074903082950589	0.9330807195364564		5.47289390597734
N371	0.8319411219541485	0.939380707161417		5.528844657761233
N372	0.9003055463900558	0.9822895551753235		5.811753322266673
N373	0.9359023440896391	1.0007203600091674		5.939504144135476
N374	0.9964055847597546	1.0221821853906061		6.107316511712785
N375	1.0087859523459404	1.0299657078873643		6.158614491782762
N376	1.0318565769905443	1.03611691595297		6.2124411567553945
N377	1.073266027156403	1.050095781231015		6.3237449333114775
N378	1.1026989061975434	1.0596523809626353		6.4009608110107195
A0A0Q5MWD1	1.1506094811451124	1.067918790742404		6.490203434857132
A0A1G4SVA9	1.1395788873310624	1.0627006908213565		6.453082341437845
N379	1.087627792694105	1.059546067747982		6.385358131434016
N380	1.102112155862398	1.0616758741712218		6.410491526718507
N381	1.105770821629246	1.05497848218506		6.3806632325545465
N382	1.1125787652499695	1.0676693398194417		6.450925464347177
A0A239PYB3	1.1402943461633404	1.064317488619398		6.461881789260331
N383	1.1424361106467664	1.0653922835715453		6.4693975285044925
A0A7Y3RML8	1.1746903970655689	1.0741328829088987		6.545354811610062
A0A7Y3RIH9	1.190763138532988	1.0773262155887429		6.577394216476702
A0A2E0Q5F5	1.1630364948835012	1.068160392169475		6.503838455730875
A0A2D5FRJ2	1.1429735127784357	1.0654554602876698		6.470250814216785
A0A1W9HGP1	1.1641618206861462	1.0726113323415691		6.527218482393993
N384	1.040025117850724	1.0424161405302383		6.2521058205019155
N385	1.0655985508091168	1.0538793087312488		6.334995094465361
N386	1.0784301808550507	1.051818651002616		6.337523435868131
A0A2E5CGC9	1.1441060439668191	1.065585512850426		6.472033608218949
A0A3M1RXF9	1.1292157499032558	1.0630960634694309		6.44469606725041
N387	1.0900966990952807	1.0540025299865632		6.360109349028097
A0A2E6YDS4	1.1532473313673361	1.068108470543791		6.493789684086291
A0A829YJA1	1.135939910598093	1.0624365514713356		6.448122667954772
A0A2N6CN11	1.1066867300167684	1.0600092312965375		6.406732886499456
N388	1.0395251088489759	1.0447865515509263		6.263457866603607
N389	1.0550893392351335	1.0376471317245477		6.243324997857872
N390	1.0824492178250245	1.0529298529947713		6.347098482798881
A0A1E4JVW9	1.1262054084748063	1.0659151455681475		6.455781136315544
N391	1.095780356076455	1.0593000806211739		6.3922807591823245
A0A4S3KHR9	1.1396013383125339	1.0686849923747181		6.4830263001861255
A0A1S0V6N5	1.1737342402418325	1.0675638706196913		6.511553593340289
A0A2M7CVH5	1.1192144824696262	1.0564709524819216		6.4015692448792345
A0A7W8D7E6	1.1153524993064186	1.0609313330838863		6.420009164725849
A0A6M1Y2H3	1.0824831650600326	1.0577714977327768		6.371340653723916
N392	1.007045438654388	1.025537949922841		6.134735188268593
A0A1M3MZ96	1.1095705517147132	1.0571423782069167		6.395282442749297
A6G3T2	1.1047938013083163	1.0588611372719907		6.39909948766827
N393	0.9553301461546453	1.0025913307253236		5.9682867997812625
N394	1.003184102408316	1.0298051973935232		6.152210089375932
N395	1.0181516640339234	1.0244918420593565		6.140610874330706
A0A2W4IFG5	1.0795059862716958	1.0535549035474505		6.347280504008948
A0A5B9PEF4	1.1665264311626902	1.0726690991678924		6.529871927002153
A0A317I8B7	1.09374127307545	1.0540526491020306		6.3640045185856025
A0A8A4TRY5	1.0817179126848295	1.046959903863148		6.31651743200057
N396	0.9000234738629966	0.9799197913144967		5.79962243043548
A0A1G8JN19	1.0808598977940156	1.049086894660618		6.326294371097106
A0A2E6VQ83	1.0986748569482077	1.0627634092881209		6.412491903388812
N397	0.8523059468106733	0.9510485057647878		5.607548475634612
A0A4R6UGV6	1.0597570666064415	1.050107423130968		6.3102941822612815
A0A5N0THR1	1.1098025163731247	1.0643866786084435		6.431735909415342
A0A0S8HYF0	1.0915775163355497	1.0596620236929108		6.389887634800104
N398	0.30085509637229146	0.1352059936437689		0.9768850645911359
N399	0.42674707738856643	0.5130678249377157		2.9920862020771453
N400	0.4552447077091941	0.5632086373904128		3.271287894661258
N401	0.5198092475154377	0.6668575058854528		3.8540967769427015
N402	0.5480247909061996	0.6965247635003085		4.030648608407742
N403	0.6594778266564856	0.8093941192547375		4.706448422930173
N404	0.8455800460500331	0.9494707708965677		5.592933900532872
F8TEN2	0.9107663622719039	0.9848157246818501		5.834844985681154
A0A2M8TBD1	0.972308755289983	1.011777920066159		6.031198355620777
A0A0E3M7P7	0.8490826532700861	0.9523192641104239		5.610678973822205
N405	0.5995635031908254	0.766526973359375		4.432198369987701
N406	0.6605107649750995	0.8077273298777908		4.699147414364054
N407	0.7100416677544201	0.8544075493195907		4.9820794143523734
N408	0.7295081697750289	0.8701600526866408		5.080308433208232
N409	0.7667418375171001	0.8917869822666309		5.225676748850254
A0A1M6AWM8	0.9902696704646191	1.0252482749364134		6.116511045146686
A0A4Q1ZWA0	1.0005136587141525	1.0325783861750795		6.16340558958955
A0A7X6Z3Q2	0.9774866928550969	1.0143405477108531		6.049189431409363
A0A1G5S387	1.0063213033120257	1.024921536415416		6.130928985389106
N410	0.7655134825986837	0.8976339530625529		5.253683247911448
A0A1T4ZQC4	1.0164205193132958	1.0283587634639566		6.158214336633079
A0A847X4U1	1.0128601564857478	1.0324868725666296		6.1752945193188955
N411	0.6925196755143046	0.8475575171135321		4.930307261081966
A0A1M6JXE6	0.8909721086161162	0.9853601862487914		5.817773039860073
A0A562J3Y8	0.911025006137482	0.9892714320567215		5.85738216642109
A0A7X8ZAX2	0.853822217637844	0.9522654551253561		5.615149493264624
N412	0.5710480413074729	0.717885858449733		4.160477333556138
N413	0.6251837547220367	0.7768480083330446		4.50942379638726
N414	0.7129871371292147	0.8648449447186328		5.037211860722379
Q9WZ20	0.9007613791595251	0.9845739562541511		5.82363116043028
E1R5W8	1.0119364417670411	1.0308356738886537		6.16611481121031
N415	0.7625082521016477	0.9018762975004672		5.271889739603983
A0A7C5XC74	1.0501471196359904	1.0410822529989348		6.255558384630664
A0A7V3VDE4	0.993923148067626	1.0306091966593152		6.146969131364202
N416	0.6044355010771119	0.7646592280508726		4.427731641331475
N417	0.6422174751198251	0.791715231962591		4.60079363493278
N418	0.6937746873501144	0.8431166688445114		4.909358031572671
N419	0.7366582512360043	0.8792431787752175		5.132874145112092
N420	0.7687975619902799	0.8976105220443638		5.256850172212099
N421	0.8263085243403624	0.9417184820124528		5.534900934402626
N422	0.8424888077977415	0.94554592755222		5.570218445558842
A0A1V6FDY1	1.0000185093676595	1.0227060356230497		6.113548687482908
C2KWC1	1.0596451968770966	1.0445842729581372		6.282566561667783
A0A353IYV9	1.0062186458918336	1.0282155639898833		6.147296465841251
A0A0S2W1F8	1.0724513114748864	1.0489306136911005		6.317104379930388
N423	0.7612152081516741	0.8943314704711508		5.2328725605074276
N424	0.8248046510226772	0.9399478938442749		5.524544120244052
N425	0.8767728428852871	0.9709469050427137		5.731507368098856
A0A2N1SR57	1.0158290671721588	1.0350247759887714		6.190952947116016
A0A356ATM1	1.0439852178611606	1.0389230374857004		6.238600405289662
A0A7X4Z9C2	1.0058088326395118	1.0265177503139142		6.138397584209083
F5YHU0	1.0023218335661712	1.0299160093769666		6.151901880451004
N426	0.7444956626359363	0.8864852333849131		5.176921829560502
N427	0.9046039551393972	0.9895458291651367		5.85233310096508
A0A7X6CVI1	1.0602122442914792	1.0470587752900096		6.2955061207415275
A0A7X8JJD8	1.0323265975588698	1.0392747005114946		6.228700100116344
N428	0.7839968214626721	0.910602137093008		5.337007506927712
N429	0.8273418404094612	0.9332966330552923		5.493825005685922
A0A357AQV2	1.0206361880732717	1.0344410805143416		6.19284159064498
N430	0.889575961891128	0.9820652955127327		5.799902439454792
A0A355L2E9	1.0541842527932919	1.0398578493745407		6.253473499665995
A0A425VZ80	1.0818791394282965	1.0528449179471953		6.346103729164272
D4C837	0.970668636761678	1.0132026907195657		6.036682090359506
N431	0.7432425736735814	0.8839441981642143		5.162963564494652
N432	0.820849035207771	0.9374619742427958		5.50815890642175
N433	0.8460329589780299	0.9538707499495145		5.615386708725602
A0A173V9S3	1.013630570582684	1.0258827285232275		6.143044213198822
A0A6A8MAC2	1.0212058834113118	1.034439559706925		6.193403681945936
N434	0.8911130835673163	0.9783172401512417		5.782699284323525
A0A3D5XQG7	1.0337898985181333	1.044504283384141		6.256311315438838
A0A6N7VT84	1.054379194303003	1.0417710173026844		6.263234280816425
A0A1Y4UR85	0.9377891631822118	0.9923658997175374		5.8996186617699
N435	0.7945383797531046	0.9131219896618062		5.360148328062136
N436	0.8089365680659413	0.9259300816578878		5.4385869763553805
N437	0.8264333441867014	0.9435775811873757		5.54432125012358
A0A1V5PCQ8	1.014072082926052	1.0407538126440714		6.21784114614641
N438	0.933198678595584	1.000747388163403		5.9369356194125995
A0A833CDP9	1.0741351940805337	1.0510913955075496		6.329592171618282
D1AJU4	1.0784209813492955	1.0466879159392548		6.311860561045569
E3H7Y6	1.0273824331841959	1.0369772715053258		6.212268790710825
N439	0.9491875411351549	1.0023769345882318		5.961072214076314
A0A369Y4X5	1.0864835369799863	1.0545766085489234		6.359366579724603
A0A7X1HPD4	1.1238911762742614	1.0561661415265393		6.404721883906958
N440	0.5405771141590794	0.7048907288331219		4.0650307583246885
N441	0.6323180832380212	0.7832849384652465		4.5487427755642535
W0EAQ8	0.8486125551893104	0.950709950201423		5.602162306196425
A0A0P8WPS8	0.9489883415148692	1.0065746628691092		5.981861655860415
N442	0.6540961226924749	0.8145023698590104		4.7266079719875265
A0A2R4VZD5	0.9663237796677149	1.008768778926515		6.010167674300289
A0A1Y2T8U4	0.9712572237289251	1.0152750977520264		6.047632712489056
N443	0.3112484363495823	0.13525451246163217		0.9875209986577432
N444	0.40794471055457227	0.4796089229591749		2.8059893253504464
N445	0.4541676178358299	0.564209821186098		3.2752167237663197
N446	0.49452820189914737	0.6214833656061124		3.6019450299297096
N447	0.6384165364577726	0.7988505443665477		4.632669258290511
N448	0.7124049455730038	0.8557144839692511		4.990977365419259
A0A1V5KXE6	0.930931805667166	0.9978867896047713		5.920365753691023
A0A3N5INY6	0.9787418357120089	1.015853732233215		6.058010496878085
A0A1F6GDB5	0.9755421394124879	1.0139623477868867		6.045353878346921
N449	0.6932122886778986	0.8429219785956482		4.907822181656139
N450	0.72619822200004	0.8636967196656232		5.044681820328156
N451	0.8091970728875697	0.9302816876109975		5.460605510942558
N452	0.8456504801950835	0.9566962105007168		5.6291315326986675
A0A1G0PDS7	1.0294033930658695	1.0381860761121917		6.2203337736268285
A0A3M2FTC0	1.0547403931035935	1.0455096705160598		6.282288745683893
N453	0.8501747804612534	0.9499949230320632		5.600149395621569
A0A2E4WK21	1.0444314368483507	1.042904350440313		6.258953189049916
A0A6I1ZPT2	1.0128683832426968	1.0295605109822799		6.160670938154096
A0A2E4Y7X3	1.1274932440432544	1.0649995488499298		6.452490988292903
N454	0.8260515592161262	0.9384833593980942		5.518468356206598
A0A2E3R165	1.0461076953620332	1.0418817427744758		6.255516409234412
N455	0.9039246765261847	0.9839231598944422		5.823540475998396
A0A6L8C7R4	1.0496869275210627	1.0502252127312002		6.300812991177064
A0A7K1ZGL8	1.0466037053456552	1.044700125818488		6.270104334438095
N456	0.6078828080594761	0.7548959070039671		4.382362343079312
A0A2H6EWF2	0.8487824159781009	0.9535450475192453		5.6165076535743275
A0A6H9L0K2	0.919732826359332	0.9896346427861469		5.867906040290066
N457	0.5876261787888907	0.7420940597380051		4.298096477478916
A0A6C1NZW9	0.9199728377692786	0.9857995534219514		5.848970604879035
N458	0.6461178795157958	0.8065427558748862		4.678831658890227
A0A7C6AP94	0.9777049940208231	1.017399535236982		6.064702670205733
A0A316TTT1	0.9836064470325003	1.0180202644575658		6.073707769320329
N459	0.39025134166666664		0.10661242039090713	
N460	0.3371349345179951	0.3099831225124134		1.887050547080062
N461	0.39747291196993556	0.47757504578024845		2.7853481408711778
N462	0.5619952014853494	0.7206330247171925		4.165160325071312
N463	0.8137781435394339	0.932495346078395		5.476254873931409
N464	1.020903042186969	1.0326058124991753		6.183932104682846
D0WGK0	1.0647782757717328	1.046422151010162		6.296889030822543
A0A3E4QPN1	1.0620107785858561	1.0475671762515668		6.29984665984369
A0A2K2UBV0	0.8941556256369938	0.977407821199288		5.781194731633434
A0A1V1RE99	0.8590736153980185	0.9581401862129811		5.649774546462924
N465	0.5358941980282126	0.696038613202928		4.016087264042853
N466	0.5828806930883753	0.7367862913657701		4.266812149917226
N467	0.6083861969276293	0.7581226971915895		4.398999682885577
N468	0.7047018681023154	0.8590061942918438		4.999732839561534
N469	0.8285290150886114	0.9424686521353389		5.540872275765307
A0A0D6QP50	0.9999006301654425	1.0261275785808137		6.130538523069512
A0A534W9Y0	1.0294368748721832	1.030956346628906		6.184218608016713
A0A399XTD6	0.9723538445354859	1.0128672240602872		6.036689964836921
N470	0.6832410887123856	0.8367126717557432		4.866804447491101
N471	0.7379619758479731	0.877516896726614		5.125546459481043
N472	0.7615402078924319	0.9027046730582603		5.275063573183734
N473	0.8431587237369125	0.9574981785844453		5.63064961665914
A0A257REV4	1.0141632207298563	1.0351554846896187		6.18994064417795
N474	0.9372585556338092	0.9941335403525923		5.90792625739677
A0A522T5A9	1.0623349258084043	1.051667313385124		6.320671492734024
A0A0D8FW30	1.094353148310038	1.0600058789113604		6.39438254286684
N475	0.8480196579758253	0.9489305004170228		5.592672160060939
A0A6C7E8D6	1.002532970613916	1.0220375227501		6.112720584364416
A0A7K2A5B5	1.0388179935650834	1.0428031486320497		6.252833736725332
A0A7V9NU87	0.9666714583675412	1.0109989457875481		6.021666187305282
N476	0.8112904763113309	0.9290884187820071		5.456732570221366
N477	0.8905564324563225	0.978825953356006		5.7846861992363525
A0A2H6HFP4	1.0393780926886629	1.0364495264326044		6.221625724851685
A0A7Y1VFQ5	1.0833380368937395	1.050340612930552		6.3350411015465
N478	0.8249983601121346	0.9339517487860732		5.494757104042501
N479	0.902398174446209	0.9884053668080414		5.844425008486416
A0A520XX13	1.040187271770888	1.0409508963064213		6.244941753302995
A0A6L7NA08	1.0691861169632606	1.0456838530850814		6.297605382388667
A0A6L5F9X0	1.039982741170269	1.0359780111836532		6.219872797088534
N480	0.7087941185995226	0.8512328589602673		4.9649584134008595
N481	0.8300734388945447	0.940072995777749		5.53043841778329
N482	0.8265513047228549	0.9364922884688455		5.509012747067082
N483	0.862442687999483	0.9699373543437062		5.712129459718014
N484	0.9000807068518645	0.9836293651335967		5.818227532519847
N485	0.925542050023231	0.9874555454731025		5.862819777388744
N486	1.0034311189659932	1.0238282429949659		6.122572333940823
N487	1.0497931036362447	1.0455389217250435		6.277487712261462
N488	1.0726932297010103	1.0477809490662822		6.311597975032421
P9WKJ7	1.1024390235332013	1.0549994143991657		6.37743609552903
D6Z939	1.1200493796837205	1.0577211911047384		6.4086553352074125
N489	1.076218170119876	1.0531302422587467		6.34186938141361
N490	1.1076619143464599	1.0541908175387118		6.378616002040019
Q57179	1.1359496615935567	1.0629239693837869		6.4505695085124914
A0A2I1WEI4	1.1198769148586127	1.0580894681255009		6.410324255486117
A0A2W5SMS3	1.1415480512842073	1.0619211665122155		6.451153883845285
A0A1I2HKU6	1.0723175325006287	1.0531147183540832		6.337891124271044
N491	0.9716068820922409	1.0179005363460225		6.061109563822353
N492	1.0011623432477768	1.0306457823985304		6.154391255240429
N493	1.0284677248681893	1.0350953498545652		6.203944474141015
A0A1G6GRK9	1.1079792310735326	1.0602863835250553		6.409411148698808
N494	1.0549807543397167	1.0423591343486702		6.266776426083068
N495	1.0705972062170392	1.0461906799411016		6.3015506059225475
N496	1.0754076308841816	1.0498212376086093		6.324513818927229
N497	1.0885511957321963	1.0550935664554844		6.3640190280096185
A0A0K9ET95	1.1325209470596995	1.0676886914350896		6.470964404235147
N498	1.10946579961797	1.0614577252025224		6.416754425630582
A0A134BMI8	1.141703338753424	1.0669291321472147		6.476348999489498
N499	1.1628833394415787	1.073047133716632		6.528119008024739
D2Q757	1.171856856131041	1.0743485997089162		6.543599854675621
D2Q758	1.1692717987674837	1.0721472063782327		6.530007830658647
N500	1.0865798752414533	1.0560748359868284		6.366954055175595
N501	1.1055854377072443	1.0644166244284963		6.427668559849725
A0A7W5TT68	1.1339258914800978	1.063604716322289		6.451949473091544
Q83GP6	1.172878055069506	1.0739206537582453		6.5424813238607324
N502	1.1102052090668424	1.0607372886990696		6.4138916525621905
A1R7L9	1.140756172117097	1.0630044737323125		6.45577854077866
A0A378PKL0	1.1845869175764383	1.0744908857836535		6.557041346494706
A0A6H9WU91	1.1363989483965389	1.0639041095597748		6.4559194961954125
N503	1.0796507204481631	1.0465189364496172		6.31224540269625
G4CYI8	1.1102875307446394	1.059593367214501		6.408254366817145
A0A239VDW6	1.1643007941841819	1.0776156594360546		6.552379091364456
N504	1.0512049692454872	1.047761517939028		6.290012558940628
A0A853DP05	1.108775971565546	1.0603305398411784		6.410428670771438
N505	1.099013590200568	1.0634574365048166		6.416300772724651
A0A7W0RJG1	1.1348547885299094	1.0603230203225946		6.436469890142883
N506	1.134543535293955	1.0633088883257222		6.451087976922566
A0A7V9KT17	1.1768920155513387	1.0726004536916283		6.539894284009479
N507	1.171784021307246	1.0716158293629205		6.5298631681218495
A0A838G5A8	1.1841244264237154	1.073668008709375		6.552464469970591
A0A838GKD1	1.1902192531106244	1.0764637022797656		6.572537764509452
N508	1.0725916177870563	1.0498793268260416		6.321988251917264
N509	1.0831026808072797	1.0536034410968977		6.351119886291768
Q9FBT8	1.085239403290335	1.0566728824972678		6.368603815776674
Q9Z565	1.0742063668826463	1.0550429357816948		6.349421045791121
N510	1.0808374411465675	1.053496823706075		6.348321559676942
A0A0K2AZ61	1.0831623825111245	1.0510716079073092		6.3385204220476705
Q59818	1.0874258822049117	1.0520377797431826		6.347614780920824
A0A7J9XEF6	1.0518441149514264	1.0400516832016462		6.252102530959657
A0A316HWB1	1.0125025349089143	1.0299290145652935		6.162147607735382
N511	0.9036402836004273	0.9845594168712294		5.826437367956574
A0A1M6KNI4	1.0570029407634634	1.0436903156274204		6.275454518900566
A0A6L5GDP7	1.0558396076928867	1.0417134001233723		6.2644066083097485
A0A1Q8JV07	1.0123559413033973	1.036540654432141		6.195059213464102
A0A7K1IGN1	1.0430926571675674	1.0374269202288775		6.230227258311955
N512	0.6009910690952283	0.755982730560167		4.380904721896063
N513	0.7055361829991433	0.8550172163167257		4.980622264582772
A0A537VTW2	0.9382858204938058	0.99936343488805		5.935102994934056
N514	0.7554763883975539	0.8935321222341968		5.2231369995685375
A0A537Y4G4	1.0285804953583049	1.0393002112498684		6.225081551607646
A0A1F2Y6A9	1.0381000409854355	1.0356366762429972		6.216283422200421
N515	0.7371046554293252	0.871834344098008		5.096276375919365
A0A6J4TME9	1.0478619934208324	1.038391880724567		6.2398213970436665
N516	0.8257128092764218	0.9373999661003601		5.512712639778223
N517	0.8896112265975671	0.9818525121766977		5.798873787481055
N518	0.9744096656997396	1.0155297323879398		6.052058327639438
A0A2W4U438	1.0840037817451276	1.051594635122217		6.341976957356212
A0A6B1FPX1	1.1161200754249951	1.0603586290045366		6.417913220447678
N519	1.028780988559816	1.0294689876527547		6.176125926823589
N520	1.0828656498236982	1.0520785938731632		6.3432586191895135
A0A6H0CVL2	1.1402944908464983	1.0644783446818455		6.462686214255726
A0A6N7YVX4	1.1482185167408248	1.0686575533216045		6.491506283348848
A0A840NKF0	1.140123994107334	1.066815442416649		6.474201206190579
N521	1.0031491135735127	1.0284097769769638		6.145197998458332
A0A538JFT8	1.1007393956783733	1.0636879651004885		6.419179221180816
N522	1.0320406671152573	1.0334802422861076		6.199441878545795
A0A7V8XEW0	1.1208030854814461	1.0631267177076942		6.436436674019918
A0A7Y6CDM5	1.1048866489221778	1.0593211045062538		6.401492171453447
N523	0.46033926187469754	0.5637944289745748		3.2793114067475715
N524	0.5154900104667516	0.6661230918605923		3.846105469769713
N525	0.5941273328167193	0.7625945512323172		4.407100088978305
N526	0.6911472704230978	0.8423505326462926		4.902899933654561
A0A346Y1G3	0.8837477151209345	0.9779315706979103		5.773405568610486
N527	0.8263991330398487	0.9359980822050843		5.506389544065271
N528	0.8707322159733605	0.9624136724321466		5.682800578134094
A0A2T2R9E9	1.045022191130588	1.038763862686574		6.238841504563458
A0A7J9WHY3	1.0022977602467087	1.031889762703938		6.161746573766399
A0A411YCT7	1.0129481655828625	1.0318574228540707		6.172235279853216
N529	0.8805671992703905	0.9742470383288426		5.751802390914603
A0A0G1HLT4	1.0900395560359692	1.048190446337942		6.3309917877256785
A0A7X5JC55	1.0969375154408616	1.0578626181443405		6.386250606162564
A0A5Q4G2Z6	0.9454921346120652	1.0054826918061248		5.97290559364269
N530	0.6079476889561506	0.7587892724068911		4.401894050990606
A0A1Z8MYU6	0.9454937272750941	1.0007605410381741		5.949296432465965
N531	0.7699266778149108	0.9039650829665309		5.289752092647565
A0A537ZEU7	1.0109817761583182	1.029098929666312		6.156476424489878
A0A7K0R868	0.9933648510241097	1.0226274624491465		6.106502163269842
N532	0.3823288616413948	0.4191947473666551		2.47830259847467
N533	0.41758369818302404	0.5042979941874746		2.939073669120397
A0A1G7LUY9	0.9010697682834314	0.9860978187548667		5.831558862057765
N534	0.442711290015778	0.537518098464528		3.1303017823384183
A0A511RIY9	0.7191105319246727	0.8673889207802565		5.056055135825956
D3PT81	0.319143403		0.4420179223334813	
N535	0.530086880836841	0.6904330733949277		3.9822522478114792
N536	0.58592576217699	0.7566680851182748		4.369266187768364
N537	0.638895768505514	0.7993720992982365		4.635756264996696
N538	0.6904409786577033	0.8479144362207919		4.930013159761662
N539	0.7135524313388679	0.8592218061572684		5.00966146212521
N540	0.8157948172636216	0.9418558354241002		5.5250739943841225
N541	0.8450451254281263	0.9520584120105565		5.605337185480909
N542	0.9021255346197667	0.9913452984625334		5.858852026932434
N543	0.9322989207531714	0.9993592121391532		5.929094981448938
A0A0B6WSC0	1.0749930274043518	1.0560893314798774		6.355439684803739
A0A838PG22	1.0719633950675944	1.052172333851684		6.332825064326014
A0A1Q7RIR5	1.0601475786023151	1.0448682755240968		6.284488956222799
N544	0.9901464356920372	1.0199477694586752		6.089885282985413
A0A1F6PKT0	1.1089783418938235	1.0595610630418588		6.406783657103118
N545	1.0112358977043228	1.0357922560182904		6.190197177795774
A0A1F6RL26	1.0761190562363279	1.0522785898385045		6.3375120054288505
A0A1Q6UZL8	1.094868551557134	1.057964515973993		6.384691131427099
N546	0.8503993988868658	0.9461360519134281		5.581079658454007
A0A2H5ZH23	1.016142411780166	1.0286147967232437		6.159216395396385
A0A7Y4U422	1.0442093391488465	1.0468491512659317		6.278455095478504
N547	0.7362393649505601	0.8757488865854984		5.114983797878052
A0A0S8CBD2	0.9653519444330325	1.011791469331415		6.024309291090107
N548	0.8465428534293655	0.9558178915985042		5.625632311421887
A0A523IH76	1.0161937208564997	1.0314509536612915		6.173448489162958
A0A2D6MW66	1.0387163831938826	1.0456370780661057		6.2669017735244115
N549	0.6974015201550441	0.8519444859651468		4.957123949980778
N550	0.7166676529980673	0.8591090534974187		5.012212920485161
N551	0.7158574699931968	0.8581452606836582		5.006583773411488
N552	0.7486505500050951	0.8986653752754588		5.241977426382389
N553	0.7858054430576878	0.9129279122579462		5.350445004347419
N554	0.8327163669989875	0.9410629877152954		5.538031305575464
A0A1F9CHS7	0.9902044539918226	1.022056190287576		6.100485405429702
A0A519BCY3	1.031854657897258	1.0406913017807096		6.235311166800805
N555	0.8345310550382571	0.9438129990964934		5.553596050520724
A0A7Y2NPB7	1.0312165226255785	1.0382603139492907		6.222518092372033
A0A2H6IRH3	1.0054649613756372	1.0376695045240427		6.193812483995851
A0A3M1X7T9	0.9510764916822402	1.0041763689958372		5.971958336661427
N556	0.8115393351555696	0.9343190070279074		5.483134370295106
A0A1V5H7W5	1.0014682863016915	1.0279395556902375		6.14116606475288
N557	0.8472730576020547	0.9504108887925494		5.599327501564802
A0A2J6WMF5	1.0056115615556245	1.0362770745548087		6.186996934329668
F2LV95	1.0288336054988947	1.0393378175490555		6.225522693244173
N558	0.7729639686797916	0.8991878498446589		5.268903217903086
A0A661PMP4	0.9930306108962932	1.0234615793146997		6.110338507469791
N559	0.8262328857041196	0.9392030505149304		5.522248138278772
A0A2H0YG74	1.0145809743549565	1.0325436457830692		6.1772992032703025
A0A0F6TP54	1.0778889490795502	1.0542450306560505		6.349114102359803
A0A1E7GNH7	1.0417203115481342	1.0405061787153935		6.244251205125101
N560	0.7090878936305655	0.8601062094589575		5.009618940925353
N561	0.7558685416581775	0.8887716191248116		5.199726637282236
N562	0.8811602366575639	0.9755118537593844		5.758719505454486
A0A0T5ZVJ5	0.9911515005836883	1.0244535287559027		6.113419144363202
A0A7D7VD42	1.0718845366409475	1.0538408755725779		6.341088914503837
A0A7C4X2I8	1.048155409599742	1.046629920204443		6.281305010621956
A0A2H6GMM2	1.0144820002683799	1.0360209535481355		6.194586768009057
N563	0.6059850530641844	0.7588415815041443		4.4001929605849055
A0A1S7LF06	0.8716608308847085	0.9653847468349529		5.698584565059473
N564	0.6555109166236368	0.8148519797169554		4.729770815208414
A0A2M8DIR6	0.9214036100423542	0.9920759896090242		5.881783558087475
A0A7C3LSH9	0.9651851533782659	1.014851752280234		6.039443914779436
N565	0.6105946236736065	0.7655990384793261		4.4385898160702375
N566	0.689501775921343	0.8485268382649968		4.932135967246327
N567	0.7145845013820364	0.8615137607346819		5.022153305055446
A0A5B8XHG3	1.0181668396968213	1.0323390043671707		6.179861861532675
N568	0.781947951608131	0.9116787574909276		5.340341739062769
A0A258V9Q8	0.9480404300965186	1.0010786459568703		5.95343365988087
N569	0.82850482975592	0.9383513639607463		5.520261649559651
N570	0.8912745021757018	0.9815916069284438		5.799232536817921
A0A2A4VAT5	1.0116788363714624	1.031303711090138		6.168197391822153
A0A353X5U9	1.0655981329309587	1.0488114491411071		6.309655378636494
N571	0.8828024057021068	0.9788253769877806		5.776929290641009
A0A2E0ELJ0	1.0255748769776682	1.0286359533120775		6.168754643538056
A0A3D4K9M9	1.05803850235993	1.043555102212324		6.275814013421549
N572	0.7192540712046268	0.8643023593564843		5.040765867987048
N573	0.7533810528407199	0.896286243375017		5.234812269715805
N574	0.8127053558796206	0.9354902587030154		5.490156649394697
N575	0.8282556291049747	0.9419527361878931		5.53801931004444
N576	0.9081300328036966	0.9880482289774207		5.8483711776908
A0A059DW69	1.0725665357996446	1.0467854601507294		6.306493836553292
A0A7V8IQ16	1.0442967966674253	1.040030365857585		6.24444862595535
A0A8J7MZV9	0.9679143071375754	1.0129861080447922		6.032844847361536
N577	0.8259701890213484	0.939884092165435		5.525390649848524
B7RP95	1.0195891680246236	1.0359787975729329		6.199483155889288
N578	0.8443656087585382	0.9492829615390421		5.590780416453749
A0A8J2Y7G3	1.0322644259939189	1.0357637553424062		6.21108320270595
N579	0.9404637719895603	0.9965869782005269		5.923398662992195
A0A367ZX61	1.050918082554496	1.0444303811081177		6.273069988095084
L0ERL5	1.1005249955881011	1.0567976343017293		6.384513167096747
A0A2E7W4K6	0.9695826449158	1.01380585566877		6.03861192325965
N580	0.7485128007541334	0.8808231785732867		5.152628693620567
N581	0.7663074171936296	0.9006259050230957		5.269436942309108
N582	0.8285830275363381	0.9415784868840724		5.5364754619567
N583	0.8591244303576836	0.9680831580465731		5.699540220590548
A0A2S6SLC8	1.0154734705782709	1.0258271229662597		6.144609085409569
N584	0.9365873499131362	0.9979520008555572		5.926347354190923
A0A2D6ZRJ2	1.0492886432175432	1.0449746052289697		6.274161669362392
A0A2E6J0R8	1.103875861440867	1.064490541053472		6.426328566708227
A0A2S6TXF9	1.0144676569289997	1.0363792594043018		6.196363953950509
N585	0.8184045120031391	0.9348891183749579		5.492850103877929
I3TXY3	0.9680059557979881	1.0098977564102858		6.017494737849417
F1YWP4	0.9818246279689281	1.024777426195343		6.1057117589456436
A0A2S6RJP7	0.9936978310672627	1.0264466586547993		6.1259311243412595
N586	0.7115647816318004	0.8568513429994649		4.995821496629125
N587	0.8127570861181956	0.9351806020869032		5.488660096552712
N588	0.9911875570058996	1.0201845113596606		6.092110113804202
A8FL53	0.9861075524120685	1.0252860870623983		6.11253798772406
N589	0.9984651436612662	1.03237816086531		6.160355947987816
A0A5T0UG45	1.0020989096427766	1.0274689394605243		6.139443606945398
Q5HVD9	1.0046923084087362	1.0246743774880736		6.128064195849104
N590	0.8631865749680809	0.9642626443466755		5.684499796701458
A0A3D8HKA5	1.0174603153595836	1.0312851060233872		6.173885845476519
A0A2G2MHB2	1.0202383153661134	1.0299618714267675		6.170047672499951
N591	0.7547371057068367	0.8947355513724211		5.228414862568942
N592	0.7798732111115774	0.909272969454934		5.326238058386247
N593	0.9065622386691957	0.9954293114950737		5.883708796144564
A0A078KEQ5	1.0162153094045736	1.0266231122766274		6.149330870787711
N594	0.9875465809021358	1.0235470234269777		6.1052816980370235
A0A249E0K1	1.0650179689397314	1.045985434807487		6.294945142977166
A0A2K8K5P2	1.1702794812887596	1.0736602081769315		6.538580522173418
N595	0.8260825767429878	0.9393879254770569		5.523022204128273
A0A3B8R7U7	1.0766501686468175	1.047646040762285		6.314880372458242
N596	0.8657643258051585	0.9619663105763059		5.675595878686688
A0A6L7LVK1	1.0789625306298098	1.0590666269485802		6.374295665372711
N597	0.9045974763659267	0.9771386886107232		5.790290919419543
A0A451BL73	1.0887884739122602	1.0562183371903318		6.36988015986392
A0A2E9C7U4	1.1064976451004276	1.062119972806703		6.417097509133942
N598	0.8531789127792702	0.9489235432023373		5.597796628790956
N599	0.8932900834946523	0.9774840158313719		5.780710162651512
N600	0.8988662103611476	0.9761906520449571		5.779819470585933
N601	0.949116710260532	1.0112075312006694		6.00515436626388
A0A828RPV8	1.0487387893722138	1.0398380802221088		6.247929190482758
N602	1.075420840637425	1.0476934498567796		6.313888089921323
A0A143WNV8	1.1727482426213234	1.0730008538260296		6.537752511751472
A0A2G0V744	1.1401511512703217	1.0646101138081208		6.463201720310925
R7C1S9	1.0281682214516121	1.0325794289386176		6.1910653661447
N603	0.9450912727439987	1.0044496124029816		5.967339334758907
A0A368XL10	1.075859272738688	1.0561822020165947		6.356770282821662
N604	0.9992842640634861	1.0293064575882833		6.145816552004903
A0A0A2N8X7	1.0921575235340286	1.0561975754720523		6.37314540089429
A0A0C1KLA6	1.0851832792136498	1.0562074550289975		6.366220554358637
N605	0.9045755394728856	0.9865826604030459		5.837488841488115
A0A8J3CR25	1.073998974593632	1.0516346971086106		6.332172460136685
N606	0.9670819223987093	1.0174670999379505		6.054417422088461
L0E0X7	1.0247867271354707	1.036131372747868		6.205443590874811
N607	1.0018876167300923	1.0316107642700116		6.15994143808015
Q9HVA2	1.0146126200818888	1.0303330336702226		6.166277788433002
C1DFH7	1.02791775437577	1.0380099925375263		6.217967717063402
N608	0.10784281966666666		0.958888872285257	
N609	0.4330028485913161	0.47925686601262013		2.8292871786544165
A0A7C3RG63	0.9302923976519069	0.9827738992427199		5.844161893865506
N610	0.5832054129348906	0.6510410718104217		3.8384107719869993
N611	0.6224571697951333	0.6626741848228535		3.9358280939094006
N612	0.6488601809242605	0.6373156901295529		3.835438631572025
N613	0.6603347932516254	0.6202636108600551		3.761652847551901
N614	0.649692602790203	0.4903257080591163		3.1013211430857845
N615	0.6278029940000001		0.05350609918457938	
N616	0.6494070984414004	0.40433627474539036		2.671088472168352
N617	0.6892334633985585	0.511062947408319		3.2445482004401534
N618	0.7747194083553186	0.6522514203932918		4.0359765103217775
N619	0.8035621783771888	0.6990256155463184		4.298690256108781
N620	0.9122076424968554	0.8339884259472691		5.0821497722332
N621	0.9590061271099892	0.8837169340964679		5.377590797592328
N622	0.9840855222677255	0.9014844054515561		5.4915075495255055
N623	1.1126489296123596	1.0172778582853828		6.199038221039273
N624	1.1243851425607074	1.0287834375761475		6.268302330441445
Q64BR7	1.1288362420042046	1.0246799350371543		6.252235917189976
D1JA89	1.1295185376283077	1.0280569544807643		6.269803310032129
A0A7C1ILS9	1.1197726525003522	1.0376343497237663		6.307944401119183
N625	1.0063478061683233	0.9234129719312237		5.623412665824442
N626	1.028951438464629	0.9497419001088229		5.777660939008744
A0A1G0ZAD5	1.1028761157020126	1.015881590172267		6.182284066563348
A0A3D3JM92	1.1159840215612526	1.0244292774114268		6.238130408618386
A0A842QME4	1.1035884674373353	1.0048838018806212		6.128007476840441
A0A1C7PAB4	1.0926386148027945	1.001269205339845		6.09898464150202
A0A1V6BTP8	1.024124703523754	0.9438279752487566		5.743264579767537
N627	0.8667227032061718	0.7872440475796108		4.8029429411042255
A0A202DGF0	1.0771272745657157	0.9836120473974673		5.995187511553053
A0A0G0MZV3	1.0788154450784262	0.9833357135451415		5.995494012804134
N628	0.8696205761389029	0.7876614366805589		4.807927759541697
A0A5E4JEZ8	1.020041481466982	0.9527490964641513		5.783786963787739
A0A7J4IYA9	1.0568955526300032	0.9677997621229946		5.895894363244976
A0A256Y218	1.0312206818048324	0.9562413459586868		5.812427411598266
N629	0.6913812882177585	0.5019935326417049		3.2013489514262825
N630	0.8153178064773797	0.7303839781383025		4.467237697168892
N631	0.9082933557264841	0.8303955386149342		5.060271048801155
A0A8J7QVJ4	1.1062639400445138	1.002384387000416		6.118185875046594
A0A7C3ZC27	1.1548695485514864	1.0472742740062122		6.391240918582548
N632	0.9475796186659106	0.8605220625941665		5.2501899316367435
A0A1J4UFI1	1.0754700969193838	0.9862434697397418		6.006687445618093
A0A5E4ILQ3	1.076476566233178	0.9878804998549141		6.0158790655077485
A0A842R496	1.0414474464227828	0.9588418596354181		5.8356567445998735
N633	0.855910999785061	0.767491782123347		4.693369910401796
N634	0.900789352494929	0.8185030794051533		4.9933047495206955
N635	1.006416962606998	0.9243728056018483		5.62828099061624
A0A0A7LA98	1.0773155860139272	0.9887026635654657		6.020828903841256
A0A0W7TJA1	1.123171013850684	1.0245435176512707		6.245888602107038
A0A1V4YYQ6	1.0532252051061097	0.9686750317136028		5.896600363674123
A0A7L4Q8R3	1.0839677849107807	0.9945381929100151		6.056658749460857
N636	0.7580479426860229	0.7012809499757965		4.264452692565005
N637	0.8700902557184568	0.819025266548143		4.965216588459172
N638	0.9266154815471599	0.8885294932366425		5.369262947730373
A0A257ASM0	1.079171861430739	1.0050304298158454		6.104324010509966
A0A7J4PE34	1.0711746691477293	1.0002991282671376		6.072670310483417
A0A662RY08	1.058497357969356	0.9957598040070513		6.037296378004612
A0A150ITX1	1.0732774999449177	0.9979753410565402		6.063154205227618
N639	0.6997327248388306	0.686018445689151		4.129824953284586
N640	0.7948449987985174	0.7936290163597608		4.762990080597321
N641	0.8721492209313307	0.8745653353596758		5.244975897729709
N642	0.984982972926068	0.9612378267861603		5.79117210685687
A0A0D5ZE32	1.1055639470064218	1.0353114076960948		6.282120985486896
A0A8J7YPW1	1.0942632188593029	1.0303102443471397		6.245814440595002
N643	0.9406340905473316	0.9322828473296483		5.602048327195573
N644	0.9699343477782816	0.9542173373790666		5.741021034673615
A0A1F9Z078	1.1109281505925006	1.0361921921844999		6.291889111515
A0A524J9G1	1.0846674442279498	1.0212519866304162		6.190927377380031
A0A7J2NHV5	1.0753172522274632	1.0229671239189437		6.190152871822182
N645	0.8607461020067217	0.8623579120077837		5.17253566204564
A0A5E4HG89	1.0477437603567492	0.9995555713378459		6.045521617045978
A0A7C5TW41	1.050794266153703	0.9988231486758138		6.044910009532773
N646	0.7998217174097102	0.8035737461349398		4.817690448084409
A0A2H6GUE3	0.984352107134472	0.9615854369889394		5.7922792920791695
A0A2H6JY72	1.0188096476005717	0.9861960988313107		5.949790141757124
N647	0.8439107983534316	0.8578213425599183		5.133017511153023
N648	0.9174961609577814	0.9172990794494394		5.503991558204978
A0A1V6N258	1.0457918633474879	1.0033983482718074		6.062783604706525
A0A328SC41	1.0733818814733322	1.0229916696497157		6.18834022972191
N649	0.938598347747375	0.9369448128874975		5.623322412184862
D3S3L5	1.0158188982261434	0.9869953233199921		5.950795514826104
N650	0.9653845823198774	0.9584731139333885		5.757750151986819
A0A8X6EH16	1.0231733158249559	0.9849044162415885		5.9476953970328985
A6UW80	1.0527059566686539	1.01217177679035		6.113564840620404
N651	0.6720902692602215	0.7255867959157181		4.300024248838811
N652	0.7917173578639125	0.8411831614563268		4.997633165145546
N653	0.8733661323278976	0.9223330310338294		5.485031287497045
N654	0.9026121898485181	0.9293090149953532		5.549157264825284
N655	0.9257797924366613	0.9439316888711977		5.64543823679265
N656	1.005566487264131	0.9961770421283023		5.986451697905642
N657	1.035867722602857	1.013948465722157		6.105610051213642
N658	1.0693707386146682	1.0258487306692716		6.198614391961026
N659	1.1289480697782903	1.0488699909037693		6.373298024297137
N660	1.1407352349015936	1.0595806819628069		6.438638644715628
N661	1.1517623965734625	1.057655869004496		6.440041741595942
N662	1.1719887215318983	1.0722933332675952		6.533455387869874
N663	1.1789924006014765	1.0729703319478763		6.543844060340858
N664	1.1856916843258605	1.077889577284776		6.575139570749741
E0SRA9	1.1883328337229504	1.0686978342920057		6.5318220051829785
A0A7C4PXI6	1.1810993836817043	1.0795147192788253		6.578672980075831
A0A7J3MXB6	1.1850049324075984	1.0760522051917014		6.565265958366106
L0A7Y1	1.1804343310884675	1.0693671001281555		6.527269831729245
Q4J8K9	1.1739353021801247	1.0704034221561711		6.52595241296098
A4YI15	1.1722288758808252	1.0693335408790439		6.518896580276045
N665	1.1411838553469873	1.0581774784229412		6.432071247461693
A0A348B750	1.1796203128125826	1.065177826282798		6.505509444226573
N666	1.1724317352428604	1.066277657550198		6.50382002299385
N667	1.1735467083256257	1.0701328694306582		6.524211055478917
A0A0D8DKW7	1.1793405848980045	1.0709733581910554		6.534207375853282
S0AM07	1.1811512066101792	1.0712697546351069		6.537499979785714
Q6L044	1.1842415030554467	1.065732000617468		6.512901506142786
A0A832SE10	1.124116636545348	1.0530048956981093		6.389141115035894
N668	1.0712803396137778	1.0306212754076687		6.224386716652121
N669	1.0871895546068386	1.0354948111950426		6.264663610582051
N670	1.1234206789398224	1.0512373979841576		6.379607668860611
A0A0F2L7M5	1.1284507941830149	1.0537744826524558		6.397323207445293
F0QTL4	1.1689972634523982	1.0693535993584422		6.51576526024461
N671	1.1164002497168501	1.0452209690937995		6.342505095185848
A0A432R911	1.1450931754859992	1.056632029013896		6.428253320555479
A0A7C4GPD9	1.1741741897616842	1.0639544583229128		6.493946481376248
A0A7C4B5X7	1.1509970856338179	1.057337460729373		6.437684389280683
N672	1.0373065897195686	1.0136220275009857		6.1054167272244975
N673	1.0515090333918442	1.0166488564358227		6.134753315570958
A0A523B5H0	1.1240717140294973	1.0478947112725112		6.363545270392054
A0A7J3NQQ0	1.1151105214376904	1.0443456013959154		6.3368385284172675
N674	1.0681999743370034	1.0275919241701552		6.2061595951877795
A0A7J2JHZ4	1.119246217380722	1.0472306834641303		6.3553996347013735
A0A3S3REU9	1.1452774971440076	1.060267797926963		6.446616486778823
N675	0.9448849692535238	0.9624306003442418		5.757037970974732
N676	1.0087696675542766	0.9977136513197958		5.997337924153256
A0A0P9HYB7	1.096816665285251	1.0442125634138826		6.317879482354664
A0A151BJ71	1.0920110697819587	1.032155613193716		6.252789135750538
N677	0.9533602966472131	0.9663503435663351		5.785112014478889
N678	0.9653358946051857	0.9712332605017082		5.821502197113727
N679	0.9791249183011033	0.9780646139154481		5.869447987878344
A0A7C4HJ63	1.0981463495548724	1.0375158568093574		6.285725633601659
A0A832NNU6	1.1204734903935292	1.0550579558919202		6.39576326985313
N680	0.9993896623520473	0.9903860731762558		5.951320028233326
A0A497MLZ0	1.110387405096929	1.0443941895126216		6.332358352660036
A0A0S8IWC2	1.1322076287895468	1.0499958398590912		6.382186828085003
N681	0.9756578255227418	0.9723197516546905		5.8372565837961945
A0A7C4NFZ5	1.091612727354921	1.0348711164126538		6.26596830941819
A0A662PS32	1.092461964405733	1.047925216617752		6.332088047494493
N682	0.9457055728313445	0.9617436784387863		5.754423965025276
N683	0.9475458968095869	0.9677130511508432		5.786111152563803
N684	1.0014764995506211	0.991538238315878		5.959167691130011
N685	1.033833345842251	1.0151790383822836		6.10972853775367
A0A2H5UVX4	1.1221017019645745	1.0514240284291159		6.379221844110154
N686	1.0483072864118805	1.014774125527282		6.12217791404829
N687	1.076716473647174	1.0333477495138583		6.243455221216466
A0A662PMW1	1.1212053100365582	1.0498570218455208		6.370490419264161
A0A7C4GLV8	1.1472535301409397	1.061028047438683		6.452393767334355
A0A2R7YA08	1.121644992327336	1.045461504812786		6.3489525163912655
A0A7C5VH15	1.1286840764022075	1.0481091743236508		6.369229948020461
N688	1.0051225754965738	0.9947000550085173		5.9786228505391605
A0A7C3TJM7	1.1128396942510115	1.0410089733245036		6.317884560873529
N689	1.044797393676642	1.020511188422332		6.147353335788301
N690	1.067139187055434	1.033645625828664		6.2353673161987535
N691	1.1058304813403739	1.038165743411452		6.296659198397633
A0A2R6AP45	1.1526593380332202	1.0554393713365156		6.429856194715797
A0A7C5ICI9	1.146605330387661	1.0567580863717896		6.43039576224661
A0A6B2C402	1.1440022727510952	1.056437159197055		6.426188068736369
A0A7J2SXB0	1.1681384732860518	1.0686498154690256		6.51138755063118
A0A1F5DFE3	1.0994794347327876	1.0362820454702688		6.280889662084132
N692	0.9878701875787494	0.9805754702740404		5.8907475389489505
A0A1F5DT82	1.116919419436274	1.039946534257603		6.31665209072429
A0A497L137	1.1049042972678211	1.0450411328584013		6.3301099615598275
A0A1F6KCG4	1.1218146657336072	1.0430705350467109		6.337167340967162
N693	0.7533185592254771	0.8066428532748666		4.78653282559981
N694	0.8726400486586106	0.9150278800240664		5.4477794487789435
A0A133UF79	1.0572225935353894	1.02296866124186		6.172065899744689
N695	0.9374659744184201	0.9572751704855476		5.723841826846158
A0A147JUQ5	1.0551624176057133	1.0261144234233264		6.185734534722345
A0A523ASR9	1.0807471466809646	1.034078980092659		6.25114204714426
N696	0.7650849164702136	0.829772035466968		4.9139450938050535
N697	0.8229099479903474	0.8745434509064753		5.195627202522725
A0A1Q9N850	1.0485922641444678	1.0138150470181522		6.117667499235228
A0A842LI49	1.0718438135325985	1.0327380300264022		6.23553396366461
N698	0.8107587279082785	0.8653200360994725		5.137358908405641
N699	0.9580450353414316	0.9722188735785526		5.819139403234194
A0A257AMW1	1.0820170158299889	1.0387389285597466		6.2757116586287225
A0A7C4GT17	1.1257439860577376	1.0529532216308004		6.39051009421174
A0A520KZ39	1.1222229001666346	1.0445123053221574		6.344784426777422
N700	0.7095169657741437	0.7956468671365962		4.687751301457125
A0A832T8A4	0.9864981467871023	0.9990406827149717		5.981701560361961
N701	0.9713158887435184	0.9874518194597668		5.908574986042352
N702	1.0186192500864488	1.017282072660107		6.105029613386984
N703	1.0374270422288754	1.023814832026297		6.15650120236036
A0A1Q7FBG7	1.0993801508121783	1.0504845534469718		6.351802918047037
N704	1.0443627698678015	1.025300282206377		6.170864180899686
A0A6A7LEI6	1.119865002095592	1.050407802378162		6.371904013986402
A0A521T9P3	1.12130231478053	1.0529762881068407		6.386183755314734
A0A2K5AQA4	1.1024222122656122	1.0432784982032641		6.318814703281933
N705	1.0122588269735564	1.0142671717966139		6.0835946859566254
N706	1.045449558236287	1.0266517005804479		6.1787080611385266
A0A2D6V6C3	1.1193999307372335	1.051927078587039		6.379035323672428
A0A2E4HNT7	1.1472202867437742	1.0558194659341966		6.4263176164147575
N707	1.032837293909325	1.0256606819882021		6.161140703850336
A0A2R6AE13	1.108121739734743	1.0474241689309622		6.345242584389554
A0A7J3XWF1	1.1271284224745666	1.0436594844060734		6.345425844504933
N708	0.42530964558880224	0.5105687954855406		2.9781536230165053
N709	0.5207193740993795	0.6681687417722425		3.861563082960592
N710	0.6875904706365107	0.8461904112947201		4.918542527110111
A0A062V7I6	0.9232274470657711	0.9950219665706719		5.89833727991913
N711	0.8085401820037617	0.9278159231101041		5.447619797554282
A0A1V4YAM3	0.9131853061176907	0.9956094427055531		5.891232519645456
A0A7K4A7M9	1.074267029059617	1.053986764836165		6.344200853240442
N712	0.5930846667051681	0.7477500460196972		4.331834896803654
N713	0.8229640528969072	0.9386439239925746		5.51618367285978
A0A7K3ZZ74	0.923004813193484	1.0018706163916393		5.93235789515168
A0B5E0	0.9223962148736011	0.9943192683482968		5.8939925566150855
A0A1Q6DX82	1.0185936439205674	1.0316319199776074		6.176753243808605
N714	0.5402031434808402	0.7003830496328589		4.042118391645135
A0A1V4Z2Q1	0.8891717081281187	0.9798235182575393		5.7882892994158155
A0A564QCC2	0.8581038969967341	0.9571713725715842		5.6439607598546555
